way,619274432,'דליה רביקוביץ,F,,
way,113623634,אב,?,,
way,35372967,אבא אחימאיר,M,,
way,35372970,אבא אחימאיר,M,,
way,35373057,אבא אחימאיר,M,,
way,35373059,אבא אחימאיר,M,,
way,35373067,אבא אחימאיר,M,,
way,35417795,אבא אחימאיר,M,,
way,32643690,אבא ברדיצ'ב,M,,
way,631028074,אבא ושרה נאמן,X,,
way,854484668,אבא ושרה נאמן,X,,
way,31650958,אבא קובנר,M,,
way,342560127,אבא קובנר,M,,
way,1029330162,אבא קובנר,M,,
way,143609349,אבודרהם,M,,
way,43139791,אבולעפיה,M,,
way,184820040,אבולעפיה,M,,
way,1191229658,אבולעפיה,M,,
way,35592091,אבוקה,-,,
way,35667912,אבוקה,-,,
way,71375877,אבוקה,-,,
way,103960347,אבטליון,M,,
way,54277828,אביאסף,M,,
way,54277851,אביאסף,M,,
way,113481302,אביאסף,M,,
way,39357422,אביגדור המאירי,M,,
way,203418415,אבידן שמעון,M,,
way,54277833,אביטל,F,,
way,54277847,אבימלך,M,,
way,182819146,אביצור שמואל,M,,
way,35667210,אבישי,M,,
way,412563558,אבן חלדון,M,,
way,687360395,אבן סינא,M,,
way,691961019,אבן סינא,M,,
way,691961020,אבן סינא,M,,
way,35555153,אבן ספיר,M,,
way,98866927,אבן רשד,M,,
way,35667829,אבנר,M,,
way,41754638,אברבנאל,M,,
way,43139680,אברבנאל,M,,
way,200854871,אברבנאל,M,,
way,200854872,אברבנאל,M,,
way,200854906,אברבנאל,M,,
way,959121810,אברבנאל,M,,
way,959121826,אברבנאל,M,,
way,1133478424,אברבנאל,M,,
way,1133478425,אברבנאל,M,,
way,1133478427,אברבנאל,M,,
way,1133478430,אברבנאל,M,,
way,39461184,אברהם אבן שושן,M,,
way,48173645,אברהם בויאר,M,,
way,1006717443,אברהם בויאר,M,,
way,102843807,אברהם ברוידס,M,,
way,241763144,אברהם ענתבי,M,,
way,241763147,אברהם ענתבי,M,,
way,241763152,אברהם ענתבי,M,,
way,25015244,אברהם שלונסקי,M,,
way,271407929,אברהם שלונסקי,M,,
way,35417932,אבשלום חביב,M,,
way,35667582,אגדתי,M,,
way,35667583,אגדתי,M,,
way,53813556,אגדתי,M,,
way,30772976,אגריפס,M,,
way,1183058409,אגריפס,M,,
way,28941654,אד קוץ',M,,
way,211621763,אד קוץ',M,,
way,679499206,אד קוץ',M,,
way,1189447927,אד קוץ',M,,
way,35159866,אדוארד ברנשטיין,M,,
way,189805674,אדיל עאזר,F,,
way,217199800,אדיל עאזר,F,,
way,35666698,אדירים,-,,
way,681314081,אדם ברוך,M,,
way,681314082,אדם ברוך,M,,
way,681314083,אדם ברוך,M,,
way,30742222,אדם הכהן,M,,
way,1081794968,אדם הכהן,M,,
way,1134738103,אדם הכהן,M,,
way,31130222,אדר,-,,
way,31539798,אהבת ציון,-,,
way,456033202,אהבת ציון,-,,
way,35667238,אהוד,M,,
way,35667790,אהוד,M,,
way,35667802,אהוד,M,,
way,43141178,אהלי יעקב,M,,
way,35319908,אהרון בקר,M,,
way,94786640,אהרון בקר,M,,
way,94786683,אהרון בקר,M,,
way,94786684,אהרון בקר,M,,
way,95062200,אהרון בקר,M,,
way,95062206,אהרון בקר,M,,
way,35159858,אהרון דוד גורדון,M,,
way,35418485,אהרון מסקין,M,,
way,35160220,אהרונוביץ',M,,
way,451610999,אהרונוביץ',M,,
way,101272632,אהרן איתין,M,,
way,655084762,אוארבך,M,,
way,35207877,אוגרית,-,,
way,35208021,אוגרית,-,,
way,35208025,אוגרית,-,,
way,133955553,אוהב ישראל,M,,
way,182816261,אוז'שקובה,F,,
way,30698440,אוליפנט,M,,
way,33634620,אוליפנט,M,,
way,365919047,אוליפנט,M,,
way,395188874,אוליפנט,M,,
way,42736086,אונטרמן,M,,
way,670459953,אונטרמן,M,,
way,157433033,אונקלוס,M,,
way,354412958,אוסוולדו ארניה,M,,
way,366331633,אוסוולדו ארניה,M,,
way,912478670,אוסוולדו ארניה,M,,
way,415167671,אוסיפ מנדלשטס,M,,
way,654589784,אוסיפ מנדלשטס,M,,
way,8055769,אוסישקין,M,,
way,30088416,אוסישקין,M,,
way,1183058410,אוסישקין,M,,
way,1183058411,אוסישקין,M,,
way,1183058412,אוסישקין,M,,
way,1183058447,אוסישקין,M,,
way,1183058448,אוסישקין,M,,
way,1183058449,אוסישקין,M,,
way,1183058451,אוסישקין,M,,
way,85140899,אוסקר שינדלר,M,,
way,85333943,אוסקר שינדלר,M,,
way,142816347,אופטושו,M,,
way,35208087,אופיר,-,,
way,1134828176,אופיר,-,,
way,35417370,אופנהיימר,M,,
way,35417468,אופנהיימר,M,,
way,97372155,אופנהיימר,M,,
way,409445729,אופנהיימר,M,,
way,42029651,אופקים,-,,
way,42067581,אופקים,-,,
way,164376827,אופקים,-,,
way,43140571,אור החיים,-,,
way,182815837,אור החיים,-,,
way,694051356,אור החיים,-,,
way,31651412,אורי צבי גרינברג,M,,
way,31651414,אורי צבי גרינברג,M,,
way,141273209,אורי צבי גרינברג,M,,
way,141273211,אורי צבי גרינברג,M,,
way,102962323,אורי קיסרי,M,,
way,31925815,אוריאל אקוסטה,M,,
way,44375043,אורים,-,,
way,113623989,אורים,-,,
way,553919861,אורים,-,,
way,82269207,אושה,M,,
way,82269209,אושה,M,,
way,142816387,"אז""ר",M,,
way,934453086,אזוב,-,,
way,35667043,"אח""י דקר",-,,
way,90503106,"אח""י דקר",-,,
way,90503108,"אח""י דקר",-,,
way,90503109,"אח""י דקר",-,,
way,35170763,אחווה,-,,
way,685797455,אחווה,-,,
way,33627213,אחוזת בית,-,,
way,133955969,אחילוף,-,,
way,657015219,אחילוף,-,,
way,934453083,אחילוף,-,,
way,50753811,אחימעץ,M,,
way,113482790,אחיעזר,M,,
way,142816389,אחרון,M,,
way,31917588,אידלסון,M,,
way,33631292,אידלסון,M,,
way,35165658,אידלסון,M,,
way,395915375,אידלסון,M,,
way,30615657,אייבשיץ,M,,
way,84736732,אייגר,M,,
way,143896046,אייגר,M,,
way,35206622,אייזיק רמבה,M,,
way,35208670,אייזיק רמבה,M,,
way,35208674,אייזיק רמבה,M,,
way,99241833,אייזיק רמבה,M,,
way,204357344,אייזיק רמבה,M,,
way,221931561,אייזיק רמבה,M,,
way,391604070,אייזיק רמבה,M,,
way,391604071,אייזיק רמבה,M,,
way,28941466,אייזק חריף,M,,
way,159555088,אייזק חריף,M,,
way,159555089,אייזק חריף,M,,
way,4708266,איילון דרום,-,,
way,26188070,איילון דרום,-,,
way,28988165,איילון דרום,-,,
way,28988167,איילון דרום,-,,
way,30797726,איילון דרום,-,,
way,43648631,איילון דרום,-,,
way,43648632,איילון דרום,-,,
way,96864575,איילון דרום,-,,
way,139014519,איילון דרום,-,,
way,139744077,איילון דרום,-,,
way,139744081,איילון דרום,-,,
way,139744084,איילון דרום,-,,
way,139744088,איילון דרום,-,,
way,139744091,איילון דרום,-,,
way,139744093,איילון דרום,-,,
way,139744094,איילון דרום,-,,
way,139744096,איילון דרום,-,,
way,139744099,איילון דרום,-,,
way,139744100,איילון דרום,-,,
way,192075495,איילון דרום,-,,
way,192075497,איילון דרום,-,,
way,192075499,איילון דרום,-,,
way,192075500,איילון דרום,-,,
way,202344036,איילון דרום,-,,
way,202344038,איילון דרום,-,,
way,222564355,איילון דרום,-,,
way,222564356,איילון דרום,-,,
way,222564357,איילון דרום,-,,
way,222564358,איילון דרום,-,,
way,222564359,איילון דרום,-,,
way,222564360,איילון דרום,-,,
way,222564361,איילון דרום,-,,
way,222564362,איילון דרום,-,,
way,222564363,איילון דרום,-,,
way,222564366,איילון דרום,-,,
way,222564367,איילון דרום,-,,
way,222564372,איילון דרום,-,,
way,295231671,איילון דרום,-,,
way,295231672,איילון דרום,-,,
way,295231673,איילון דרום,-,,
way,295290751,איילון דרום,-,,
way,295569086,איילון דרום,-,,
way,396627330,איילון דרום,-,,
way,396627331,איילון דרום,-,,
way,396627332,איילון דרום,-,,
way,398991153,איילון דרום,-,,
way,424248083,איילון דרום,-,,
way,424248084,איילון דרום,-,,
way,424248085,איילון דרום,-,,
way,424248086,איילון דרום,-,,
way,1095454930,איילון דרום,-,,
way,22788894,איילון צפון,-,,
way,24893729,איילון צפון,-,,
way,28665932,איילון צפון,-,,
way,28665934,איילון צפון,-,,
way,28665935,איילון צפון,-,,
way,28988175,איילון צפון,-,,
way,28988339,איילון צפון,-,,
way,31133844,איילון צפון,-,,
way,31133846,איילון צפון,-,,
way,31133847,איילון צפון,-,,
way,31133849,איילון צפון,-,,
way,33900494,איילון צפון,-,,
way,95421335,איילון צפון,-,,
way,139822691,איילון צפון,-,,
way,139822695,איילון צפון,-,,
way,139822696,איילון צפון,-,,
way,139822697,איילון צפון,-,,
way,139822698,איילון צפון,-,,
way,158249704,איילון צפון,-,,
way,158249706,איילון צפון,-,,
way,195998885,איילון צפון,-,,
way,209428540,איילון צפון,-,,
way,221931557,איילון צפון,-,,
way,221931569,איילון צפון,-,,
way,231949478,איילון צפון,-,,
way,231949479,איילון צפון,-,,
way,231949484,איילון צפון,-,,
way,231949485,איילון צפון,-,,
way,231949486,איילון צפון,-,,
way,295233261,איילון צפון,-,,
way,295233262,איילון צפון,-,,
way,295286486,איילון צפון,-,,
way,295564099,איילון צפון,-,,
way,295564101,איילון צפון,-,,
way,396627324,איילון צפון,-,,
way,396627326,איילון צפון,-,,
way,396627328,איילון צפון,-,,
way,454560345,איילון צפון,-,,
way,1103929956,איילון צפון,-,,
way,1368446246,איילון צפון,-,,
way,1368446247,איילון צפון,-,,
way,1381717308,איילון צפון,-,,
way,202331520,איילת השחר,-,,
way,113621567,אייר,-,,
way,113621940,אייר,-,,
way,33628037,איל״ן,-,,
way,30887079,אימבר,M,,
way,26386747,אינשטיין,M,,
way,31651089,אינשטיין,M,,
way,228716429,אינשטיין,M,,
way,228716437,אינשטיין,M,,
way,499685114,אינשטיין,M,,
way,499685115,אינשטיין,M,,
way,1237612308,אינשטיין,M,,
way,1237612309,אינשטיין,M,,
way,1237612311,אינשטיין,M,,
way,1237639280,אינשטיין,M,,
way,43140871,איסקוב,M,,
way,1046589434,איסקוב,M,,
way,43141498,אירוס,-,,
way,50753813,איתיאל,M,,
way,33826695,"איתמר בן אב""י",M,,
way,44376113,איתן לבני,M,,
way,375723332,איתן לבני,M,,
way,375723333,איתן לבני,M,,
way,109861303,אלבז נתן,M,,
way,35554992,אלדד הדני,M,,
way,44375735,אלול,-,,
way,50759324,אלוף,M,,
way,33623502,אלוף אלברט מנדלר,M,,
way,367332907,אלוף אלברט מנדלר,M,,
way,805650838,אלוף בצלות,-,,
way,33623478,אלוף קלמן מגן,M,,
way,30765194,אלחריזי,M,,
way,100123509,אלי כהן,M,,
way,100123512,אלי כהן,M,,
way,134165787,אלי כהן,M,,
way,26423093,אליאשברג,M,,
way,35206532,אליאשברג,M,,
way,242095735,אליאשברג,M,,
way,1134591073,אליאשברג,M,,
way,324545313,אליהו (קשאק) עמיקם,M,,
way,412563561,אליהו (קשאק) עמיקם,M,,
way,412563575,אליהו (קשאק) עמיקם,M,,
way,55124567,אליהו בחור,M,,
way,1414296982,אליהו בחור,M,,
way,35417502,אליהו בית צורי,M,,
way,248740536,אליהו בית צורי,M,,
way,248740537,אליהו בית צורי,M,,
way,248740538,אליהו בית צורי,M,,
way,31651378,אליהו ברלין,M,,
way,113575112,אליהו גלעזר,M,,
way,35373003,אליהו חכים,M,,
way,35555051,אליהו מפרארה,M,,
way,31539312,אליהו ספיר,M,,
way,103967211,אליזבת ברגנר,F,,
way,103967220,אליזבת ברגנר,F,,
way,184820042,אליזבת ברגנר,F,,
way,184820043,אליזבת ברגנר,F,,
way,243587080,אליזבת ברגנר,F,,
way,203168753,אליעז רפאל,M,,
way,182819138,אליעזר בן הורקנוס,M,,
way,199148242,אליעזר לבונה,M,,
way,35373123,אליעזר קשאני,M,,
way,30826402,אליעזר שטיינמן,M,,
way,35210557,אליעזר שטיינמן,M,,
way,470773723,אליעזר שטיינמן,M,,
way,131744122,אליפלט,M,,
way,246156803,אליפלט,M,,
way,1201598706,אליפלט,M,,
way,1227811621,אליפלט,M,,
way,1336440884,אליפלט,M,,
way,1336440891,אליפלט,M,,
way,1410341997,אליפלט,M,,
way,1432501943,אליפלט,M,,
way,1432501945,אליפלט,M,,
way,1432501946,אליפלט,M,,
way,1432501947,אליפלט,M,,
way,143905206,אליקום,M,,
way,43076507,אלישיב,M,,
way,43076654,אלישיב,M,,
way,405770424,אלכסנדר אוריה בוסקוביץ',M,,
way,405770425,אלכסנדר אוריה בוסקוביץ',M,,
way,405770426,אלכסנדר אוריה בוסקוביץ',M,,
way,34955651,אלכסנדר ארגוב,M,,
way,43519229,אלכסנדר זייד,M,,
way,30127405,אלכסנדר ינאי,M,,
way,35372928,אלכסנדר פן,M,,
way,196782312,אלכסנדר פן,M,,
way,35666643,אלמגור,-,,
way,281579884,אלנבי,M,,
way,281579894,אלנבי,M,,
way,762618951,אלנבי,M,,
way,846336234,אלנבי,M,,
way,1019654167,אלנבי,M,,
way,1050015351,אלנבי,M,,
way,1050015352,אלנבי,M,,
way,1050015353,אלנבי,M,,
way,1050015354,אלנבי,M,,
way,1050118383,אלנבי,M,,
way,1050118384,אלנבי,M,,
way,1197110798,אלנבי,M,,
way,1197110799,אלנבי,M,,
way,1359802503,אלנבי,M,,
relation,1465227,אלנבי,M,,
way,182819139,אלעזר בן יוסי,M,,
way,691447603,אלעזר בן עזריה,M,,
way,691447605,אלעזר בן עזריה,M,,
way,692638630,אלעזר בן עזריה,M,,
way,718917572,אלעזר בן עזריה,M,,
way,30827699,אלעזר החורני,M,,
way,30827756,אלעזר החורני,M,,
way,160415189,אלעזר רוקח,M,,
way,619436387,אלפסי,M,,
way,30773153,אלקלעי,M,,
way,691200456,אלקלעי,M,,
way,35170719,אלרואי,M,,
way,630992751,אלרואי,M,,
way,630992754,אלרואי,M,,
way,43076060,אלשיך,M,,
way,35668620,אלתרמן,M,,
way,35668621,אלתרמן,M,,
way,133955965,אמונים,-,,
way,1436559547,אמונים,-,,
way,1436559552,אמונים,-,,
way,1436559553,אמונים,-,,
way,1436559554,אמונים,-,,
way,1436559555,אמונים,-,,
way,35170186,אמזלג,M,,
way,200854873,אמזלג,M,,
way,627244546,אמזלג,M,,
way,198900531,אמיל זולא,M,,
relation,187303,אמיל זולא,M,,
way,34917527,אמיר גלבוע,M,,
way,34917546,אמיר גלבוע,M,,
way,34920287,אמיר גלבוע,M,,
way,34920289,אמיר גלבוע,M,,
way,34920300,אמיר גלבוע,M,,
way,34920301,אמיר גלבוע,M,,
way,34920673,אמיר גלבוע,M,,
way,34920682,אמיר גלבוע,M,,
way,34920723,אמיר גלבוע,M,,
way,34920743,אמיר גלבוע,M,,
way,34920821,אמיר גלבוע,M,,
way,35103853,אמיר גלבוע,M,,
way,35556542,אמירים,-,,
way,35667559,אמנון ותמר,-,,
way,30615748,אמסטרדם,-,,
way,31925094,אמץ,-,,
way,941372075,אמץ,-,,
way,33626205,אנגל,M,,
way,43140752,אנדריוס,M,,
way,35417149,אנדרסן,M,,
way,421315028,אנדרסן,M,,
way,421315029,אנדרסן,M,,
way,499685111,אנדרסן,M,,
way,1392167040,אנדרסן,M,,
way,1392167042,אנדרסן,M,,
way,39357415,אנוכי,M,,
way,26120820,אנטוקולסקי,M,,
way,30088744,אנטוקולסקי,M,,
way,30828404,אנטיגונוס,M,,
way,44373499,אני מאמין,-,,
way,142816364,אנסקי,M,,
way,31130081,אסא קדמוני,M,,
way,45668495,אסא קדמוני,M,,
way,1358526533,אסא קדמוני,M,,
way,1358526534,אסא קדמוני,M,,
way,143105325,אסירי ציון,-,,
way,415489053,אסירי ציון,-,,
way,415489058,אסירי ציון,-,,
way,1159041991,אסירי ציון,-,,
way,1352131627,אסירי ציון,-,,
way,43141771,אסף הרופא,M,,
way,211624528,אסף הרופא,M,,
way,35169708,אסתר המלכה,F,,
way,505831248,אסתר המלכה,F,,
way,104799308,"אפ""ק",-,,
way,627954851,"אפ""ק",-,,
way,164182016,אפטר,M,,
way,28941486,אפלטון,M,,
way,220914881,אפק,?,,
way,31540019,אפשטיין,M,,
way,31540069,אפשטיין,M,,
way,109861305,אפשטיין יעקב,M,,
way,42730941,"אצ""ל",-,,
way,1134561749,"אצ""ל",-,,
way,1134561750,"אצ""ל",-,,
way,1134561751,"אצ""ל",-,,
way,1134561752,"אצ""ל",-,,
way,1134561754,"אצ""ל",-,,
way,1134561758,"אצ""ל",-,,
way,1134561762,"אצ""ל",-,,
way,1134561767,"אצ""ל",-,,
way,1197583307,"אצ""ל",-,,
way,98701970,אקסלרוד נתן,M,,
way,100123500,אקסלרוד נתן,M,,
way,26466359,ארבע ארצות,-,,
way,1089793685,ארבע ארצות,-,,
way,1089793686,ארבע ארצות,-,,
way,182819144,ארדון מרדכי,M,,
way,79241843,ארזי,M,,
way,157321231,ארטר יצחק,M,,
way,50759327,אריאל,M,,
way,212777115,אריאל שרון,M,,
way,212778334,אריאל שרון,M,,
way,239616083,אריאל שרון,M,,
way,544986170,אריאל שרון,M,,
way,50901917,אריה אלטמן,M,,
way,102962324,אריה גלבלום,M,,
way,43520304,אריה דה מודינה,M,,
way,167046537,אריה דה מודינה,M,,
way,167046538,אריה דה מודינה,M,,
way,167046539,אריה דה מודינה,M,,
way,98701967,אריה דולצ'ין,M,,
way,33825997,אריה דיסנצ'יק,M,,
way,104033242,אריה דיסנצ'יק,M,,
way,288057428,אריה לובה אליאב,M,,
way,53813588,אריה סוסליק,M,,
way,31539772,אריה עקיבא,M,,
way,31539785,אריה עקיבא,M,,
way,261486434,אריה עקיבא,M,,
way,261486436,אריה עקיבא,M,,
way,679028497,אריה עקיבא,M,,
way,1206136103,אריה עקיבא,M,,
way,35417439,אריה פסטרנק,M,,
way,35556050,אריה שרון,M,,
way,28941490,אריסטו,M,,
way,30827684,אריסטובולוס,M,,
way,20036157,ארלוזורוב,M,,
way,30152229,ארלוזורוב,M,,
way,167691674,ארלוזורוב,M,,
way,171796159,ארלוזורוב,M,,
way,206628045,ארלוזורוב,M,,
way,206628046,ארלוזורוב,M,,
way,206628047,ארלוזורוב,M,,
way,206628680,ארלוזורוב,M,,
way,228774303,ארלוזורוב,M,,
way,339990966,ארלוזורוב,M,,
way,422732879,ארלוזורוב,M,,
way,623362981,ארלוזורוב,M,,
way,1029622836,ארלוזורוב,M,,
way,1062312337,ארלוזורוב,M,,
way,1081797715,ארלוזורוב,M,,
way,1205238039,ארלוזורוב,M,,
way,1232777971,ארלוזורוב,M,,
way,1300414496,ארלוזורוב,M,,
way,1300414498,ארלוזורוב,M,,
way,1300427698,ארלוזורוב,M,,
way,1300427699,ארלוזורוב,M,,
way,1340267846,ארלוזורוב,M,,
way,1340267847,ארלוזורוב,M,,
way,1340267849,ארלוזורוב,M,,
way,1348973558,ארלוזורוב,M,,
way,1473868919,ארלוזורוב,M,,
way,1473868921,ארלוזורוב,M,,
way,143896044,ארלינג'ר,M,,
relation,186262,ארנון,-,,
way,34919702,ארתור רובינשטיין,M,,
way,34919759,ארתור רובינשטיין,M,,
way,34919766,ארתור רובינשטיין,M,,
way,34919820,ארתור רובינשטיין,M,,
way,34919827,ארתור רובינשטיין,M,,
way,34919830,ארתור רובינשטיין,M,,
way,34919831,ארתור רובינשטיין,M,,
way,34919840,ארתור רובינשטיין,M,,
way,34919865,ארתור רובינשטיין,M,,
way,34919866,ארתור רובינשטיין,M,,
way,34919868,ארתור רובינשטיין,M,,
way,34919869,ארתור רובינשטיין,M,,
way,34919872,ארתור רובינשטיין,M,,
way,43141057,אשדוד,-,,
way,412563562,אשקלון,-,,
way,37558136,אשר ברש,M,,
way,26466388,אשתורי הפרחי,M,,
way,30154191,אשתורי הפרחי,M,,
way,468552428,אשתורי הפרחי,M,,
way,468552429,אשתורי הפרחי,M,,
way,685784026,אשתורי הפרחי,M,,
way,110468215,ב',?,,
way,53095355,באכר,M,,
way,53099850,באכר,M,,
way,35555238,באסולה,M,,
way,30779327,באר טוביה,-,,
way,1126753860,באר טוביה,-,,
way,1126753861,באר טוביה,-,,
way,353549980,באר יעקב,M,,
way,1433376459,באר יעקב,M,,
way,1433376483,באר יעקב,M,,
way,43140877,באר שבע,-,,
way,70491006,בארט,M,,
way,261745844,בארי,M,,
way,629173641,בארי,M,,
way,629173642,בארי,M,,
way,650083735,בארי,M,,
way,1261843756,בארי,M,,
way,30826559,בבלי,-,,
way,30826628,בבלי,-,,
way,309423221,בבלי,-,,
way,113623038,בדולח,-,,
way,30754085,בובליק,M,,
way,31650993,בוני העיר,+,,
way,142816390,בוסל,M,,
way,35170741,בוסתנאי,M,,
way,50753818,בועז,M,,
way,31920156,בוקי בן יגלי,M,,
way,505976703,בוקי בן יגלי,M,,
way,33627766,בורוכוב,M,,
way,157457572,בורוכוב,M,,
way,142915440,בורמה,-,,
way,142915460,בורמה,-,,
way,142915463,בורמה,-,,
way,44376073,בושם,-,,
way,44376456,בושם,-,,
way,273324979,בושם,-,,
way,26149505,בזל,-,,
way,35160177,ביילינסון,M,,
relation,187296,ביירון,M,,
way,89037535,בילויה מעוז,F,,
way,30879167,בילטמור,-,,
way,156716904,ביצרון,-,,
way,33492093,ביריה,-,,
way,400891925,בירנבוים,M,,
way,400891926,בירנבוים,M,,
way,400891927,בירנבוים,M,,
way,31066729,בירנית,-,,
way,44376546,בירנית,-,,
way,261364068,בירנית,-,,
way,1239567436,בירנית,-,,
way,53151306,בית אורן,-,,
way,53151307,בית אורן,-,,
way,35666605,בית אל,-,,
way,35668263,בית אל,-,,
way,90503107,בית אל,-,,
way,101476208,בית אל,-,,
way,267398586,בית אל,-,,
way,422279958,בית אל,-,,
way,912644170,בית אל,-,,
way,912644172,בית אל,-,,
way,1134846846,בית אל,-,,
way,129531192,בית אלפא,-,,
way,154656593,בית אלפא,-,,
way,39461191,בית אשל,-,,
way,41754276,בית אשל,-,,
way,941717745,בית אשל,-,,
way,143623373,בית גוברין,-,,
way,188958211,בית הבד,-,,
way,154656594,בית הלל,M,,
way,360205213,בית הלל,M,,
way,626482634,בית הלל,M,,
way,143623362,בית הקציר,-,,
way,143286553,בית חדש,-,,
way,143397440,בית חדש,-,,
way,732569064,בית חדש,-,,
way,732569065,בית חדש,-,,
way,35207921,בית חורון,-,,
way,37557859,בית יוסף,M,,
way,43076069,בית יוסף,M,,
way,43076333,בית יוסף,M,,
way,143105313,בית יצקר,-,,
way,44373372,בית ירח,-,,
way,368703365,בית לחם,-,,
way,35206425,בית עובד,-,,
way,98866934,בית פלט,-,,
way,213882257,בית פלט,-,,
way,415167662,בית פלט,-,,
way,189994500,בית קשת,-,,
way,182818184,בית רעים,-,,
way,934453082,בית רעים,-,,
way,154656595,בית שמאי,M,,
way,157321294,בית שמאי,M,,
way,364989645,בית שמאי,M,,
way,364989647,בית שמאי,M,,
way,54277846,ביתוס,M,,
way,43140627,בכורי ציון,-,,
way,43140635,בכורי ציון,-,,
way,746940555,בכורי ציון,-,,
way,143286537,בלבן,M,,
way,37567628,בלום ליאון,M,,
way,40955356,בלום ליאון,M,,
way,151517626,בלפור,M,,
way,1197110800,בלפור,M,,
way,1197111238,בלפור,M,,
way,30879201,בלקינד,M,,
way,160933076,בן אביגדור,M,,
way,1183589656,בן אביגדור,M,,
way,133955964,בן אחיטוב,M,,
way,143609370,בן אשר,M,,
way,41754512,בן גמליאל,M,,
way,45545525,בן דוסא,M,,
way,685078689,בן דוסא,M,,
way,1187640591,בן דוסא,M,,
way,1187640592,בן דוסא,M,,
way,37558005,בן הלל,M,,
way,39357152,בן זבארה,M,,
way,103960351,בן זומא,M,,
way,33626680,בן זכאי,M,,
way,54277835,בן חסד,M,,
way,98604407,בן ישי,M,,
way,1271300626,בן ישי,M,,
way,1271300628,בן ישי,M,,
way,157433042,בן סירא,M,,
way,109861302,בן סירה יעקב,M,,
way,203168747,בן סירה יעקב,M,,
way,30760475,בן סרוק,M,,
way,30879262,בן סרוק,M,,
way,1292928409,בן סרוק,M,,
way,1292928410,בן סרוק,M,,
way,1300044992,בן סרוק,M,,
way,1300044994,בן סרוק,M,,
way,1305010351,בן סרוק,M,,
way,103960349,בן עזאי,M,,
way,103960352,בן עזאי,M,,
way,718917571,בן עזאי,M,,
way,35160163,בן עמי,M,,
way,35160168,בן עמי,M,,
way,103959858,בן פרחיה,M,,
way,103959862,בן פרחיה,M,,
way,103959868,בן פרחיה,M,,
way,692068487,בן פרחיה,M,,
way,31922208,בן צבי,M,,
way,211731540,בן צבי,M,,
way,211733165,בן צבי,M,,
way,211733468,בן צבי,M,,
way,211734858,בן צבי,M,,
way,212352366,בן צבי,M,,
way,212352367,בן צבי,M,,
way,217341890,בן צבי,M,,
way,217341892,בן צבי,M,,
way,684777879,בן צבי,M,,
way,691447607,בן צבי,M,,
way,691447608,בן צבי,M,,
way,691447610,בן צבי,M,,
way,691447612,בן צבי,M,,
way,884890364,בן צבי,M,,
way,893168374,בן צבי,M,,
way,893168375,בן צבי,M,,
way,893168376,בן צבי,M,,
way,941372080,בן צבי,M,,
way,1017128696,בן צבי,M,,
way,1042140601,בן צבי,M,,
way,1133478405,בן צבי,M,,
way,1133478406,בן צבי,M,,
way,1133478407,בן צבי,M,,
way,1151935352,בן צבי,M,,
way,1189208305,בן צבי,M,,
way,1189212563,בן צבי,M,,
way,1189212564,בן צבי,M,,
way,1189212573,בן צבי,M,,
way,1189212575,בן צבי,M,,
way,182819149,בן צדוק אלעזר,M,,
way,127570704,בן שמן,M,,
way,30879254,בן שפרוט,M,,
way,818323941,בן שפרוט,M,,
way,43139632,בנבנישתי,M,,
way,50902436,בנימין ברגי,M,,
way,35554703,בנימין מטודלה,M,,
way,35554724,בנימין מטודלה,M,,
way,105215229,בנימין מטודלה,M,,
way,249269382,בנימין מטודלה,M,,
way,26053162,בצלאל,M,,
way,1161779036,בצלאל,M,,
way,33626564,בצלאל יפה,M,,
way,362452238,בצלאל יפה,M,,
way,762625689,בצלאל יפה,M,,
way,959121839,בצלאל יפה,M,,
way,1472743348,בצלאל יפה,M,,
way,33625703,בר אילן,M,,
way,396468575,בר אילן,M,,
way,396468578,בר אילן,M,,
way,32266276,בר גיורא,M,,
way,200854875,בר הופמן,M,,
way,412563577,בר הופמן,M,,
way,655084763,בר הופמן,M,,
way,43139306,בר יוחאי,M,,
way,365875066,בר יוחאי,M,,
way,33628669,בר כוכבא,M,,
way,33628678,בר כוכבא,M,,
way,35169508,בר כוכבא,M,,
way,686473799,בר כוכבא,M,,
way,28941429,ברוך קרוא,M,,
way,28941433,ברוך קרוא,M,,
way,36370365,ברכיהו הנקדן,M,,
way,119509174,בת גלים,-,,
way,35667438,בת חן,-,,
way,74799223,בת ים,-,,
way,159555100,בת ים,-,,
way,732788474,בת ים,-,,
way,1375686407,בת ים,-,,
way,28941959,בת עין,-,,
way,28941968,בת עין,-,,
way,914386357,בת עמי,-,,
way,145552022,בת שבע דה רוטשילד,F,,
way,691961012,בת שבע דה רוטשילד,F,,
way,113478253,בת שבע כצנלסון,F,,
way,642928913,בתיה (לישנסקי),F,,
way,1378880810,בתיה (לישנסקי),F,,
way,33627633,ג'ורג' אליוט,M,,
way,41754827,גבולות,-,,
way,203922826,גבולות,-,,
way,755705310,גבולות,-,,
way,959121812,גבולות,-,,
way,203418416,גבירטיג מרדכי,M,,
way,203418417,גבירטיג מרדכי,M,,
way,203418418,גבירטיג מרדכי,M,,
way,143609340,גבעת בן יהודה,M,,
way,30742233,גוטליב,M,,
way,30742288,גוטליב,M,,
way,180656767,גורית קדמן,F,,
way,30779318,גוש חלב,-,,
way,44373430,גוש עציון,-,,
way,44373435,גוש עציון,-,,
way,100121674,גז מטילדה,F,,
way,100121679,גז מטילדה,F,,
way,420276410,גז מטילדה,F,,
way,39357704,גזית,-,,
way,35169398,גזר,-,,
way,86253371,גייגר,-,,
way,97201789,גייגר,-,,
way,97201790,גייגר,-,,
way,127570703,גינוסר,-,,
way,99655265,גן הפסלים,-,,
way,33627484,גן מאיר,M,,
way,33631444,גן מאיר,M,,
way,682735324,גן פולק,M,,
way,189812125,געש,-,,
way,691961010,גרטרוד קראוס,F,,
way,189260762,"גרשון ש""ץ",M,,
way,189260763,"גרשון ש""ץ",M,,
way,358486455,"גרשון ש""ץ",M,,
way,364989641,"גרשון ש""ץ",M,,
way,1126805745,"גרשון ש""ץ",M,,
way,124705122,"גשר ""הקריה""",-,,
way,1076188350,גשר אינשטיין,M,,
way,188963006,גשר בר יהודה,M,,
way,352154226,גשר היהלומים,-,,
way,98882314,גשר המכביה ה-15,-,,
way,408281956,גשר המכנסיים,-,,
way,84088919,גשר המשאלות,-,,
way,30780434,גשר התערוכה,-,,
way,98866921,גשר חלון ליפו,-,,
way,200854892,גשר נחושתן,-,,
way,35102350,"גשר ע""ש יצחק מודעי",M,,
way,309423197,"גשר ע""ש יצחק מודעי",M,,
way,1106734987,גשר עמק ברכה,-,,
way,31991787,גשר ראש ציפור,-,,
way,42044173,גשרון גהה מערב,-,,
way,33628754,גת רימון,-,,
way,34955617,"ד""ר אלי תבין",M,,
way,100002682,"ד""ר אלי תבין",M,,
way,251500837,"ד""ר אלי תבין",M,,
way,101272640,"ד""ר אריה (ליאון) פוחובסקי",M,,
way,211625564,"ד""ר ארליך",M,,
way,217116541,"ד""ר ארליך",M,,
way,679499204,"ד""ר ארליך",M,,
way,1057893217,"ד""ר ארליך",M,,
way,30827474,"ד""ר בודנהיימר",M,,
way,26387654,"ד""ר ג'ורג וייז",M,,
way,30780109,"ד""ר ג'ורג וייז",M,,
way,46766048,"ד""ר ג'ורג וייז",M,,
way,97355645,"ד""ר ג'ורג וייז",M,,
way,99239229,"ד""ר ג'ורג וייז",M,,
way,99239235,"ד""ר ג'ורג וייז",M,,
way,99239236,"ד""ר ג'ורג וייז",M,,
way,221127661,"ד""ר ג'ורג וייז",M,,
way,221127664,"ד""ר ג'ורג וייז",M,,
way,258071401,"ד""ר ג'ורג וייז",M,,
way,355307992,"ד""ר ג'ורג וייז",M,,
way,355308003,"ד""ר ג'ורג וייז",M,,
way,720335281,"ד""ר ולבה יואל",M,,
way,512239992,"ד""ר ולטר מוזס",M,,
way,619274429,"ד""ר ולטר מוזס",M,,
way,619274430,"ד""ר ולטר מוזס",M,,
way,619274431,"ד""ר ולטר מוזס",M,,
way,37567641,"ד""ר חיים ברודי",M,,
way,30879051,"ד""ר חיים מנחם בסוק",M,,
way,33825935,"ד""ר יוסף פומרוק",M,,
way,33825964,"ד""ר יוסף פומרוק",M,,
way,101272636,"ד""ר כרמי יוגב",M,,
way,101272664,"ד""ר כרמי יוגב",M,,
way,270791562,"ד""ר שלום לוין",M,,
way,182816255,דאנטה,M,,
way,211628338,דאנטה,M,,
way,692841864,דאנטה,M,,
way,35373126,דב גרונר,M,,
way,35417864,דב גרונר,M,,
way,35417867,דב גרונר,M,,
way,31651199,דב האוזנר,M,,
way,676822812,דב האוזנר,M,,
way,676822815,דב האוזנר,M,,
relation,177985,דב הוז,M,,
relation,187335,דב הוז,M,,
way,35555967,דב כרמי,M,,
way,189671689,דב ממזריץ,M,,
way,97462935,דבורה הנביאה,F,,
way,267398583,דבורה הנביאה,F,,
way,416558949,דבורה הנביאה,F,,
way,416558953,דבורה הנביאה,F,,
way,416558954,דבורה הנביאה,F,,
way,907894835,דבורה הנביאה,F,,
way,907894837,דבורה הנביאה,F,,
way,912644169,דבורה הנביאה,F,,
way,912644171,דבורה הנביאה,F,,
way,912644173,דבורה הנביאה,F,,
way,912644175,דבורה הנביאה,F,,
way,912644176,דבורה הנביאה,F,,
way,1134738135,דבורה הנביאה,F,,
way,1134836538,דבורה הנביאה,F,,
way,1134846845,דבורה הנביאה,F,,
way,1134846847,דבורה הנביאה,F,,
way,1134846848,דבורה הנביאה,F,,
way,1134846852,דבורה הנביאה,F,,
way,1134846856,דבורה הנביאה,F,,
way,1134846859,דבורה הנביאה,F,,
way,216988654,דבלין אלפרד,M,,
way,1152618373,דבלין אלפרד,M,,
way,44375818,דגן,-,,
way,33628041,דגניה,-,,
way,149905935,דגניה,-,,
way,218133828,דגניה,-,,
way,133955534,דה פיליפ אדיס (אבן זהר),M,,
way,100002671,דוד אבידן,M,,
way,102793304,דוד אבידן,M,,
way,102793305,דוד אבידן,M,,
way,196779128,דוד אבידן,M,,
way,34920087,דוד אויסטרך,M,,
way,34920088,דוד אויסטרך,M,,
way,143105327,דוד אלמוג,M,,
way,368807965,דוד אלמוג,M,,
way,368807966,דוד אלמוג,M,,
way,35417571,דוד בוקשפן,M,,
way,154735761,דוד בלוך,M,,
way,1154006404,דוד בלוך,M,,
way,1161779649,דוד בלוך,M,,
way,101272668,דוד זליבנסקי,M,,
way,36367510,דוד חופשי,M,,
way,35206544,דוד חכמי,M,,
way,359819160,דוד חכמי,M,,
way,364646211,דוד חכמי,M,,
way,1420129858,דוד חכמי,M,,
way,91611927,דוד טריטש,M,,
way,91771871,דוד טריטש,M,,
way,679032186,דוד טריטש,M,,
way,679032187,דוד טריטש,M,,
way,31539967,דוד ילין,M,,
way,33492636,דוד מרכוס,M,,
way,1134738137,דוד מרכוס,M,,
way,66490681,דוד רוטלוי,M,,
way,66490692,דוד רוטלוי,M,,
way,395785561,דוד רוטלוי,M,,
way,395785562,דוד רוטלוי,M,,
way,395785567,דוד רוטלוי,M,,
way,1233816305,דוד רוטלוי,M,,
way,1233816306,דוד רוטלוי,M,,
way,1233816307,דוד רוטלוי,M,,
way,26038814,דוד רמז,M,,
way,1062309745,דוד רמז,M,,
way,1089793687,דוד רמז,M,,
way,1113376764,דוד רמז,M,,
way,1156330692,דוד רמז,M,,
way,42730938,דוד תדהר,M,,
way,113615781,דוד תדהר,M,,
way,113615922,דוד תדהר,M,,
way,113616908,דוד תדהר,M,,
way,315821218,דוד תדהר,M,,
way,404886109,דוד תדהר,M,,
way,133955971,דודאים,-,,
way,43517673,דונולו הרופא,M,,
way,43517769,דונולו הרופא,M,,
way,217202833,דונולו הרופא,M,,
way,217202835,דונולו הרופא,M,,
way,346644450,דימיטר פשב,M,,
way,104799326,דיצה,F,,
way,108040124,דן לנר,M,,
way,670459952,דן לנר,M,,
way,31926501,דניאל,M,,
way,154742074,דניאל,M,,
way,905925900,דניאל,M,,
way,923160080,דניאל,M,,
way,31651390,דניאל סמבורסקי,M,,
way,50432215,דניאל פריש,M,,
way,50432216,דניאל פריש,M,,
way,151160457,דניאל פריש,M,,
way,151160459,דניאל פריש,M,,
way,26599586,דפנה,F,,
way,400341438,דפנה,F,,
way,647027947,דפנה,F,,
way,1160667984,דפנה,F,,
way,1160667988,דפנה,F,,
way,1160668059,דפנה,F,,
way,1162256891,דפנה,F,,
way,1204454692,דפנה,F,,
way,1210731152,דפנה,F,,
way,1210731168,דפנה,F,,
way,1210732442,דפנה,F,,
way,1210733160,דפנה,F,,
way,1210733385,דפנה,F,,
way,1215824334,דפנה,F,,
way,1215824336,דפנה,F,,
way,43141501,דקל,-,,
way,43141502,דקל,-,,
way,103899460,דרור,-,,
way,396403184,דרור,-,,
way,478411957,דרור,-,,
way,925371596,דרור,-,,
way,925371597,דרור,-,,
way,143105297,דרייפוס,M,,
way,35194127,דרך אריאל שרון,M,,
way,198360555,דרך ההגנה,-,,
way,469645002,דרך הפארק,-,,
way,530277367,דרך לוד,-,,
way,963698187,דרך לוד,-,,
way,1448032674,דרך לוד,-,,
way,143609335,דרך שלמה,M,,
way,143609338,דרך שלמה,M,,
way,143609366,דרך שלמה,M,,
way,212763887,דרך שלמה,M,,
way,230605319,דרך שלמה,M,,
way,230605320,דרך שלמה,M,,
way,231255167,דרך שלמה,M,,
way,237714766,דרך שלמה,M,,
way,484691082,דרך שלמה,M,,
way,692638626,דרך שלמה,M,,
way,907162370,דרך שלמה,M,,
way,907162371,דרך שלמה,M,,
way,907162372,דרך שלמה,M,,
way,907162373,דרך שלמה,M,,
way,912639002,דרך שלמה,M,,
way,928860593,דרך שלמה,M,,
way,1058209609,דרך שלמה,M,,
way,1058209611,דרך שלמה,M,,
way,1133478420,דרך שלמה,M,,
way,1133478423,דרך שלמה,M,,
way,1133478428,דרך שלמה,M,,
way,1133478434,דרך שלמה,M,,
way,1133478435,דרך שלמה,M,,
way,1133478438,דרך שלמה,M,,
way,1133478443,דרך שלמה,M,,
way,1134503144,דרך שלמה,M,,
way,1190251762,דרך שלמה,M,,
way,1197100135,דרך שלמה,M,,
way,1197100136,דרך שלמה,M,,
way,1311002283,דרך שלמה,M,,
way,1458293296,דרך שלמה,M,,
way,1458293297,דרך שלמה,M,,
way,1458293299,דרך שלמה,M,,
way,182818194,האגוז,-,,
way,657015217,האגוז,-,,
way,657015218,האגוז,-,,
way,1173510523,האגוז,-,,
way,1173510524,האגוז,-,,
way,1173510525,האגוז,-,,
way,125119376,האומנים,-,,
way,125119377,האומנים,-,,
way,314298687,האחים אל-כוויתי,M,,
way,676281764,האחים אל-כוויתי,M,,
way,676281765,האחים אל-כוויתי,M,,
way,30698736,האחים בילסקי,M,,
way,691404088,האחים מסלאויטה,M,,
way,53813504,האלוף עוזי נרקיס,M,,
way,455736499,האסיף,-,,
way,732569063,האסיף,-,,
way,157593775,האספרגוס,-,,
way,156587636,האקליפטוס,-,,
way,1453499389,האקליפטוס,-,,
way,1134836525,הארד,-,,
way,1134836526,הארד,-,,
way,1134836529,הארד,-,,
way,1134836531,הארד,-,,
way,1134836532,הארד,-,,
way,415167661,הארון אל רשיד,M,,
way,415167663,הארון אל רשיד,M,,
way,415167664,הארון אל רשיד,M,,
way,415167665,הארון אל רשיד,M,,
way,415167666,הארון אל רשיד,M,,
way,189812139,האשכולית,-,,
way,213882258,האתרוג,-,,
way,213882269,האתרוג,-,,
way,415167659,האתרוג,-,,
way,524588209,האתרוג,-,,
way,654570081,האתרוג,-,,
way,37558128,הברון הירש,M,,
way,37558133,הברון הירש,M,,
way,113614403,הברוש,-,,
way,295080175,הברזל,-,,
way,295080185,הברזל,-,,
way,295080188,הברזל,-,,
way,461412523,הברזל,-,,
way,678371822,הברזל,-,,
way,734575244,הברזל,-,,
way,734575245,הברזל,-,,
way,912646945,הברזל,-,,
way,1134836541,הברזל,-,,
way,1134836543,הברזל,-,,
way,1134836545,הברזל,-,,
way,1134836546,הברזל,-,,
way,1433873433,הברזל,-,,
way,1433873434,הברזל,-,,
way,229938814,הבשן,-,,
way,201192155,הגבורה,-,,
way,342751642,הגבורה,-,,
way,342751643,הגבורה,-,,
way,361013070,הגבורה,-,,
way,619274422,הגבורה,-,,
way,1456981615,הגבורה,-,,
way,33491771,הגולן,-,,
way,33492090,הגולן,-,,
way,33492200,הגולן,-,,
way,33492315,הגולן,-,,
way,31766684,הגיבור האלמוני,-,,
way,189127437,הגיבור האלמוני,-,,
way,240434320,הגיבור האלמוני,-,,
way,1089729073,הגיבור האלמוני,-,,
way,1154376864,הגיבור האלמוני,-,,
way,1088286335,הגיבורים,-,,
way,43141025,הגיחון,-,,
way,33625631,הגלבוע,-,,
way,80563532,הגליל,-,,
way,630026382,הגליל,-,,
way,30615704,הגלעד,-,,
way,41763308,הגמנסיה העברית,-,,
way,692543409,הגמנסיה העברית,-,,
way,692543410,הגמנסיה העברית,-,,
way,692543411,הגמנסיה העברית,-,,
way,1190251765,הגמנסיה העברית,-,,
way,30888924,הגפן,-,,
way,30888926,הגפן,-,,
way,142915442,הדגל,-,,
way,741902996,הדואר,-,,
way,103765872,הדולפין,-,,
way,203467482,הדייגים,-,,
way,732788481,הדייגים,-,,
way,1173514712,הדייגים,-,,
way,1173514714,הדייגים,-,,
way,1463843121,הדייגים,-,,
way,198665683,הדמומית,-,,
way,182818602,ההדס,-,,
way,143105293,הותיקים,-,,
way,1426099163,הותיקים,-,,
way,30888927,הזית,-,,
way,30888928,הזית,-,,
way,42735050,הזמיר,-,,
way,42735111,הזמיר,-,,
way,43139976,הזרם,-,,
way,1133478415,הזרם,-,,
way,45667834,החבצלת,-,,
way,177959557,החבצלת,-,,
way,44373230,החותרים,-,,
way,44373256,החותרים,-,,
way,142816337,החיזיון,-,,
way,198665684,החצב,-,,
way,142915453,החצוצרה,-,,
way,1124095552,החצוצרה,-,,
way,145552018,החרוב,-,,
way,189812127,החרוב,-,,
way,657059454,החרוב,-,,
way,657059455,החרוב,-,,
way,657059456,החרוב,-,,
way,93459225,החרמון,-,,
way,124271754,החרמון,-,,
way,142915462,החרמש,-,,
way,156716922,החרצית,-,,
way,26188078,החרש,-,,
way,167046540,החרש,-,,
way,167691675,החרש,-,,
way,167691676,החרש,-,,
way,167691678,החרש,-,,
way,188137675,החרש,-,,
way,203762634,החרש,-,,
way,229462867,החרש,-,,
way,229462869,החרש,-,,
way,904582104,החרש,-,,
way,904582106,החרש,-,,
way,1134591061,החרש,-,,
way,1197584183,החרש,-,,
way,43138484,החשמל,-,,
way,43138528,החשמל,-,,
way,759362486,החשמל,-,,
way,1352545079,החשמל,-,,
way,188394280,"הטיילת ע""ש שלמה להט",M,,
way,231851851,"הטיילת ע""ש שלמה להט",M,,
way,685797459,הטיילת ע״ש שלמה להט,M,,
way,142816360,היהודי זיס,M,,
way,143105294,היהודי זיס,M,,
way,1426099165,היהודי זיס,M,,
way,1426099169,היהודי זיס,M,,
way,43518754,היינריך מנדלסון,M,,
way,403752803,היינריך מנדלסון,M,,
way,30765456,היכל התלמוד,-,,
way,43140024,היסוד,-,,
way,184820044,היסוד,-,,
way,184820045,היסוד,-,,
way,157321236,היסמין,-,,
way,157593772,היסמין,-,,
way,31917478,הירדן,-,,
way,204137716,הירדן,-,,
way,228774296,הירקון,-,,
way,228774301,הירקון,-,,
way,671577077,הירקון,-,,
way,671577079,הירקון,-,,
relation,177984,הירקון,-,,
way,43140150,היתד,-,,
way,30348846,הכובשים,-,,
way,762618952,הכובשים,-,,
way,815701887,הכובשים,-,,
way,895042042,הכובשים,-,,
way,1019438166,הכובשים,-,,
way,42735268,הכינור,-,,
way,43140066,הכישור,-,,
way,198774335,הכלנית,-,,
way,30826661,הכנסת הגדולה,-,,
way,30826665,הכנסת הגדולה,-,,
relation,186260,הכרם,-,,
way,5013381,הכרמל,-,,
way,31914598,הכרמל,-,,
way,102847635,הכרמל,-,,
way,160415144,הכרמל,-,,
way,762618958,הכרמל,-,,
way,133955974,הלוטוס,-,,
way,217199819,הלוטוס,-,,
way,133955963,הלימון,-,,
way,654572431,הלימון,-,,
way,1173510519,הלימון,-,,
way,33628225,הלל הזקן,M,,
way,33630818,הלל הזקן,M,,
way,157902457,הלל הזקן,M,,
way,101272638,הלל עמר,M,,
way,182818195,הלענה,-,,
way,142915470,הלפיד,-,,
way,143105334,הלפיד,-,,
way,1426099166,הלפיד,-,,
way,201074069,המאבק,-,,
way,142915445,המבצעים,-,,
way,32526072,המגדלור,-,,
way,159758371,המגדלור,-,,
way,33626201,המגיד,M,,
way,189805677,המגיד מדובנא,M,,
way,211624530,המגיד מדובנא,M,,
way,142915444,המגן,-,,
way,142915456,המגן,-,,
way,41754757,המחוגה,-,,
way,462965740,המחוגה,-,,
way,1384120130,המחוגה,-,,
way,113620818,המכבש,-,,
way,404164370,המכבש,-,,
way,404164371,המכבש,-,,
way,959121848,המלאכה,-,,
way,1436559557,המלחים,-,,
way,244264856,המלך אלברט,M,,
way,103959864,המלך חירם,M,,
way,103960353,המלך חירם,M,,
way,685811420,המלך חירם,M,,
way,43140100,המנוע,-,,
way,43139297,המנור,-,,
way,212778147,המעיין,-,,
way,44370758,המעפילים,-,,
way,240434334,המעפילים,-,,
way,521643549,המעפילים,-,,
way,677906737,המעפילים,-,,
way,156587618,המערכה,-,,
way,183250780,המערכה,-,,
way,142915468,המצפן,-,,
way,142915474,המצפן,-,,
way,167691683,המקצוע,-,,
way,35667561,המרגנית,-,,
way,7798057,המרד,-,,
way,7798067,המרד,-,,
way,37557842,המרד,-,,
way,37557843,המרד,-,,
way,160415147,המרד,-,,
way,160415148,המרד,-,,
way,26187173,המשביר,-,,
way,142915451,המשלטים,-,,
way,42211031,המשמר האזרחי,-,,
way,30826436,המשנה,-,,
way,470773724,המשנה,-,,
way,42029652,המתנדב,-,,
way,42211358,המתנדב,-,,
way,80563530,הנגב,-,,
way,143896045,הנגב,-,,
way,365919042,הנגב,-,,
way,365919043,הנגב,-,,
way,499464943,הנגב,-,,
way,45544591,הנגרים,-,,
way,45544652,הנגרים,-,,
way,462965737,הנגרים,-,,
way,462965738,הנגרים,-,,
way,154716356,הנדיב,-,,
way,42067589,הנוטר,-,,
way,295080172,הנחושת,-,,
way,461412525,הנחושת,-,,
way,912644165,הנחושת,-,,
way,912644167,הנחושת,-,,
way,198774336,הניצנים,-,,
way,26599622,הנרייטה סולד,F,,
way,206627878,הנרייטה סולד,F,,
way,670247993,הנרייטה סולד,F,,
way,670247994,הנרייטה סולד,F,,
way,1161776372,הנרייטה סולד,F,,
way,1162792569,הנרייטה סולד,F,,
way,133955556,הסבא משפולה,M,,
way,365875067,הסדנה,-,,
way,20665654,הסוללים,-,,
way,37757544,הסוללים,-,,
way,37757545,הסוללים,-,,
way,37757551,הסוללים,-,,
way,37757552,הסוללים,-,,
way,37757554,הסוללים,-,,
way,189812145,הסנה,-,,
way,182818206,הספינה,-,,
way,200562475,הספינה,-,,
way,33627670,העבודה,-,,
way,33629741,העבודה,-,,
way,142816362,העוגב,-,,
way,182818176,העוגן,-,,
way,657059445,העוגן,-,,
way,229580550,העלייה,-,,
way,239183894,העלייה,-,,
way,242089420,העלייה,-,,
way,411847445,העלייה,-,,
way,411847446,העלייה,-,,
way,1112146703,העלייה,-,,
way,1133478433,העלייה,-,,
way,1133478437,העלייה,-,,
way,1134503128,העלייה,-,,
way,1134503130,העלייה,-,,
way,1134503131,העלייה,-,,
way,1134503133,העלייה,-,,
way,1134503134,העלייה,-,,
way,1134503136,העלייה,-,,
way,1134503139,העלייה,-,,
way,1134503140,העלייה,-,,
way,43139381,העמל,-,,
way,246425701,העמל,-,,
way,368703359,העמל,-,,
way,368703362,העמל,-,,
way,43517984,הערמון,-,,
way,1185191323,העתק פסיפס בית אלפא,-,,
way,183250784,הפורצים,-,,
way,43139275,הפטיש,-,,
way,43140073,הפלך,-,,
way,1133478414,הפלך,-,,
way,84088914,הפנינים,-,,
way,198665682,הפרגים,-,,
way,30780200,הפרדס,-,,
way,44373490,הפרטיזן היהודי,-,,
way,35666812,הפרסה,-,,
way,35667008,הפרסה,-,,
way,396322079,הפרסה,-,,
way,266079677,הצבי,-,,
way,198665685,הצבר,-,,
way,106804595,הצדף,-,,
way,106804596,הצדף,-,,
way,923959319,הצדף,-,,
way,923959320,הצדף,-,,
way,45545071,הצורפים,-,,
way,103821486,הצורפים,-,,
way,374008482,הצורפים,-,,
way,374008485,הצורפים,-,,
way,374008486,הצורפים,-,,
way,374008488,הצורפים,-,,
way,157321237,הציפורן,-,,
way,547628143,הצלף,-,,
relation,12121553,הצפון החדש - החלק הדרומי,-,,
relation,12121551,הצפון החדש - החלק הצפוני,-,,
relation,12121552,הצפון החדש - סביבת ככר המדינה,-,,
way,26423120,הצפירה,-,,
way,365919039,הצפירה,-,,
way,365919040,הצפירה,-,,
way,43520460,הקונגרס,-,,
way,131744171,הקונגרס,-,,
way,1134503132,הקונגרס,-,,
way,1433849218,הקונגרס,-,,
way,189812141,הקיקיון,-,,
way,657015220,הקיקיון,-,,
way,657015221,הקיקיון,-,,
way,26187171,הקישון,-,,
way,548964385,הקישון,-,,
way,548964387,הקישון,-,,
way,1134503142,הקישון,-,,
way,1303749932,הקישון,-,,
way,1306848226,הקישון,-,,
way,1308125585,הקישון,-,,
way,142915471,הקרן,-,,
way,43520030,הקשת,-,,
way,43520039,הקשת,-,,
way,142915458,הקשת,-,,
way,142915466,הקשת,-,,
way,30615676,הר נבו,-,,
way,203972661,הר סיני,-,,
way,624465972,הר סיני,-,,
way,133955970,הראובני דוד,M,,
way,657059459,הראובני דוד,M,,
way,39357843,הראל,M,,
way,39926387,הראל,M,,
way,37557845,הרב אהרונסון,M,,
way,37557846,הרב אהרונסון,M,,
way,315873498,הרב אליהו שרים,M,,
way,31130058,הרב אלנקוה,M,,
way,44376993,הרב אלנקוה,M,,
way,203027988,הרב אלנקוה,M,,
way,203304776,הרב אלנקוה,M,,
way,203304777,הרב אלנקוה,M,,
way,203418419,הרב אלנקוה,M,,
way,203418420,הרב אלנקוה,M,,
way,226126490,הרב אלנקוה,M,,
way,1358526531,הרב אלנקוה,M,,
way,1358526532,הרב אלנקוה,M,,
way,35668422,הרב גליקסברג,M,,
way,82646612,הרב גליקסברג,M,,
way,100716165,הרב גליקסברג,M,,
way,472323136,הרב גליקסברג,M,,
way,28941770,הרב הלר חיים,M,,
way,159545706,הרב הלר חיים,M,,
way,742719150,הרב הלר חיים,M,,
way,997013031,הרב הלר חיים,M,,
way,1133450292,הרב הלר חיים,M,,
way,30826718,הרב הרצוג,M,,
way,309423196,הרב הרצוג,M,,
way,309423204,הרב הרצוג,M,,
way,502255861,הרב הרצוג,M,,
way,105515068,הרב יוסף צוברי,M,,
way,44375974,הרב יעקב טראב,M,,
way,860931316,הרב יעקב טראב,M,,
way,860939828,הרב יעקב טראב,M,,
way,1134561733,הרב יעקב טראב,M,,
way,1134561735,הרב יעקב טראב,M,,
way,31925716,הרב יצחק ידידיה פרנקל,M,,
way,43138643,הרב יצחק ידידיה פרנקל,M,,
way,154741766,הרב יצחק ידידיה פרנקל,M,,
way,154741776,הרב יצחק ידידיה פרנקל,M,,
way,1134503135,הרב יצחק ידידיה פרנקל,M,,
way,1134503137,הרב יצחק ידידיה פרנקל,M,,
way,54032788,הרב יצחק רובינשטיין,M,,
way,742719149,הרב יצחק רובינשטיין,M,,
way,34946339,הרב יצחק רילף,M,,
way,30779277,הרב לוי יצחק,M,,
way,45544498,הרב מבכרך,M,,
way,200854881,הרב מבכרך,M,,
way,133955574,הרב מויטבסק,M,,
way,133955560,הרב מלילוב,M,,
way,133955569,הרב מקוטוב,M,,
way,133955563,הרב מקוצק,M,,
way,133955541,הרב מקרלין,M,,
way,36364109,הרב מרק,M,,
way,775004701,הרב ניסים,M,,
way,1006838041,הרב ניסים,M,,
way,1006838042,הרב ניסים,M,,
way,59917030,הרב עובדיה בידאני,M,,
way,240437107,הרב עובדיה בידאני,M,,
way,502239605,הרב עוזיאל,M,,
way,502239606,הרב עוזיאל,M,,
way,34719747,הרב עמיאל,M,,
way,34747990,הרב עמיאל,M,,
way,400891931,הרב עמיאל,M,,
way,34946340,הרב פרידמן,M,,
way,400891924,הרב פרידמן,M,,
way,30827042,הרב צירלסון,M,,
way,30753968,הרב קוק,M,,
way,631049153,הרב קוק,M,,
way,30909041,הרב שלמה גורן,M,,
way,30909042,הרב שלמה גורן,M,,
way,30909043,הרב שלמה גורן,M,,
way,133421371,הרב שלמה גורן,M,,
way,157364879,הרב שלמה גורן,M,,
way,225710120,הרב שלמה גורן,M,,
way,919350821,הרב שלמה גורן,M,,
way,1129321109,הרב שלמה גורן,M,,
way,1172179582,הרב שלמה גורן,M,,
way,1172179584,הרב שלמה גורן,M,,
way,1172179585,הרב שלמה גורן,M,,
way,201296165,הרבי מבכרך,M,,
way,255414324,הרבי מבכרך,M,,
way,727149094,הרבי מבכרך,M,,
way,133955826,הרבי מפשיסחא,M,,
way,638710936,הרבי מפשיסחא,M,,
way,638710937,הרבי מפשיסחא,M,,
way,35418602,הרבסט קרול,M,,
way,35418693,הרבסט קרול,M,,
way,213140569,הרבסט קרול,M,,
way,213140572,הרבסט קרול,M,,
way,213140574,הרבסט קרול,M,,
way,37967245,הרברט סמואל,M,,
way,43514930,הרברט סמואל,M,,
way,204137713,הרברט סמואל,M,,
way,204137721,הרברט סמואל,M,,
way,626024155,הרברט סמואל,M,,
relation,177986,הרברט סמואל,M,,
way,35667554,הרדוף,-,,
way,198217721,"הרה""ג יחיא מחבוב",M,,
way,203028000,"הרה""ג יחיא מחבוב",M,,
way,44373701,הרותם,-,,
way,30888920,הרימון,-,,
way,35206301,הרכב,-,,
way,1106792626,הרכב,-,,
way,1442800067,הרכב,-,,
way,111750480,הרכבת,-,,
way,119550264,הרכבת,-,,
way,203973284,הרכבת,-,,
way,204206623,הרכבת,-,,
way,222954664,הרכבת,-,,
way,246425703,הרכבת,-,,
way,333538413,הרכבת,-,,
way,333538414,הרכבת,-,,
way,333538420,הרכבת,-,,
way,333538421,הרכבת,-,,
way,378897369,הרכבת,-,,
way,398991151,הרכבת,-,,
way,398991152,הרכבת,-,,
way,421834401,הרכבת,-,,
way,516614015,הרכבת,-,,
way,762625688,הרכבת,-,,
way,872376416,הרכבת,-,,
way,936417126,הרכבת,-,,
way,936417128,הרכבת,-,,
way,936417129,הרכבת,-,,
way,1133512825,הרכבת,-,,
way,1134284445,הרכבת,-,,
way,1134284446,הרכבת,-,,
way,1134286396,הרכבת,-,,
way,1134591070,הרכבת,-,,
way,1134591071,הרכבת,-,,
way,1134591072,הרכבת,-,,
way,1134591074,הרכבת,-,,
way,1134591075,הרכבת,-,,
way,1134591077,הרכבת,-,,
way,35169630,הרמן כהן,M,,
way,41763453,הרצל,M,,
way,184553107,הרצל,M,,
way,184553109,הרצל,M,,
way,211731544,הרצל,M,,
way,211732556,הרצל,M,,
way,239191853,הרצל,M,,
way,239552465,הרצל,M,,
way,365875068,הרצל,M,,
way,656564175,הרצל,M,,
way,762618960,הרצל,M,,
way,853632457,הרצל,M,,
way,959121836,הרצל,M,,
way,959184875,הרצל,M,,
way,959184876,הרצל,M,,
way,1133478419,הרצל,M,,
way,1189212566,הרצל,M,,
way,1197349817,הרצל,M,,
way,1305390948,הרצל,M,,
way,1306848227,הרצל,M,,
way,1361426021,הרצל,M,,
way,1361426023,הרצל,M,,
way,34905937,הרצל רוזנבלום,M,,
way,34905943,הרצל רוזנבלום,M,,
way,34905944,הרצל רוזנבלום,M,,
way,34905946,הרצל רוזנבלום,M,,
way,198665686,הרקפת,-,,
way,312911734,השומר,-,,
way,26185925,השומרון,-,,
way,1012523164,השומרון,-,,
way,1012523166,השומרון,-,,
way,1134076410,השומרון,-,,
way,1134076411,השומרון,-,,
way,1134503107,השומרון,-,,
way,1134503108,השומרון,-,,
way,1134503109,השומרון,-,,
way,1134503110,השומרון,-,,
way,84925664,השופט חיים כהן,M,,
way,31539799,השופט נופך,M,,
way,142915473,השופר,-,,
way,32605081,השוק,-,,
way,754976040,השוק,-,,
way,754976041,השוק,-,,
way,106804598,השחף,-,,
way,923959316,השחף,-,,
way,923959317,השחף,-,,
way,923959318,השחף,-,,
way,53813519,השחקנים,-,,
way,25996988,השחר,-,,
way,227905983,השחר,-,,
way,355740396,השחר,-,,
way,762625693,השחר,-,,
way,1308290585,השחר,-,,
way,640102919,השיבולת,-,,
way,44373583,השיטה,-,,
way,142915452,השיירות,-,,
way,1186348811,השיירות,-,,
way,143397434,השילוח,-,,
way,113483105,השכל,-,,
way,113619285,השכל,-,,
way,33518982,השלום,-,,
way,155506398,השלום,-,,
way,155506401,השלום,-,,
way,184657471,השלום,-,,
way,201192154,השלום,-,,
way,203762918,השלום,-,,
way,203762920,השלום,-,,
way,203975026,השלום,-,,
way,203975027,השלום,-,,
way,203975217,השלום,-,,
way,204091753,השלום,-,,
way,205651318,השלום,-,,
way,205651383,השלום,-,,
way,235485351,השלום,-,,
way,239616075,השלום,-,,
way,371693547,השלום,-,,
way,959168443,השלום,-,,
way,959168445,השלום,-,,
way,43517461,השעורה,-,,
way,246428099,השפלה,-,,
way,189812146,השקמה,-,,
way,143105262,השרביט,-,,
way,1426099170,השרביט,-,,
way,80563529,השרון,-,,
way,30888929,התאנה,-,,
way,33627951,התבור,-,,
way,33633213,התבור,-,,
way,149905942,התבור,-,,
way,399113861,התבור,-,,
way,200562471,התורן,-,,
way,200562472,התורן,-,,
way,657059452,התורן,-,,
way,43139958,התחיה,-,,
way,244256771,התחיה,-,,
way,244256775,התחיה,-,,
way,244256906,התחיה,-,,
way,277170386,התחיה,-,,
way,685043143,התחיה,-,,
way,685043144,התחיה,-,,
way,1133478409,התחיה,-,,
way,1133478411,התחיה,-,,
way,1133478412,התחיה,-,,
way,30888922,התמר,-,,
way,30888930,התמר,-,,
way,143905183,התנופה,-,,
way,411847437,התנופה,-,,
way,411847438,התנופה,-,,
way,411847439,התנופה,-,,
way,27340009,התערוכה,-,,
way,27340010,התערוכה,-,,
way,27340011,התערוכה,-,,
way,31786515,התערוכה,-,,
way,204355737,התערוכה,-,,
way,228774299,התערוכה,-,,
way,912667155,התערוכה,-,,
way,959862372,התערוכה,-,,
way,959862375,התערוכה,-,,
way,959862376,התערוכה,-,,
way,959862377,התערוכה,-,,
way,1056620913,התערוכה,-,,
way,406407415,התעשיה,-,,
way,406956748,התעשיה,-,,
way,1165000898,התעשיה,-,,
way,113618328,התקוה,-,,
way,113618330,התקוה,-,,
way,156587607,התקוה,-,,
way,217345008,התקומה,-,,
way,658252409,התקומה,-,,
way,658252410,התקומה,-,,
way,658252411,התקומה,-,,
way,742719139,התקומה,-,,
way,925622555,התקומה,-,,
way,925622556,התקומה,-,,
way,1187640578,התקומה,-,,
way,131744151,וולפסון,M,,
way,143623376,וולפסון,M,,
way,548964386,וולפסון,M,,
way,754926420,וולפסון,M,,
way,754926421,וולפסון,M,,
way,1134503129,וולפסון,M,,
way,1308304338,וולפסון,M,,
way,1361455570,וולפסון,M,,
way,154741772,ויטל חיים,M,,
way,905925903,ויטל חיים,M,,
way,1307694126,ויטל חיים,M,,
way,35169196,וייס איזיק הירש,M,,
way,35169251,וייס איזיק הירש,M,,
way,101272641,וילהלם פילדרמן,M,,
way,183250783,וינגייט,M,,
way,334148458,וינגייט,M,,
way,334148468,וינגייט,M,,
way,370292855,וינגייט,M,,
way,31539905,ויסוצקי,M,,
way,5118378,ויצמן,M,,
way,5118379,ויצמן,M,,
way,31878593,ויצמן,M,,
way,37559293,ויצמן,M,,
way,37849365,ויצמן,M,,
way,37896973,ויצמן,M,,
way,37896974,ויצמן,M,,
way,96837830,ויצמן,M,,
way,206628044,ויצמן,M,,
way,650083733,ויצמן,M,,
way,650083736,ויצמן,M,,
way,1090186316,ויצמן,M,,
way,1090186318,ויצמן,M,,
way,1160247652,ויצמן,M,,
way,1161777463,ויצמן,M,,
way,1205237910,ויצמן,M,,
way,1206136508,ויצמן,M,,
way,1206136511,ויצמן,M,,
way,1215824332,ויצמן,M,,
way,1215824333,ויצמן,M,,
way,1215824338,ויצמן,M,,
way,1215824339,ויצמן,M,,
way,1215824340,ויצמן,M,,
way,211628336,ויקטור הוגו,M,,
way,211628337,ויקטור הוגו,M,,
way,638517357,ויקטור הוגו,M,,
way,1187640567,ויקטור הוגו,M,,
way,1427518330,ויקטור הוגו,M,,
way,107870655,וקנין רפי,M,,
way,107870656,וקנין רפי,M,,
way,203418427,וקנין רפי,M,,
way,113482638,ורד,M,,
way,113483004,ורד,M,,
relation,187308,ז'אן ז'ורס,M,,
way,1436559562,זאב ויינר,M,,
way,1436559564,זאב ויינר,M,,
way,35555357,זאב רכטר,M,,
way,149906910,זבולון,M,,
way,183556972,זבולון,M,,
way,1311101909,זבולון,M,,
way,145552021,זהבי דוד,M,,
way,1252864463,זהרה לביטוב,F,,
way,1252864464,זהרה לביטוב,F,,
way,30450036,זהרירה חריפאי,F,,
way,482733909,זהרירה חריפאי,F,,
way,654576374,זיקים,-,,
way,30878948,זכרון יעקב,M,,
way,685269386,זכרון יעקב,M,,
way,1090186317,זכרון יעקב,M,,
way,30879402,זכריה,M,,
way,1424613262,זכריה פראנקל,M,,
way,96291164,זכריה רצאבי,M,,
way,103962266,זלדה (שניאורסון מישקובסקי),F,,
way,28941439,זלמן מייזל,M,,
way,654580347,זלמן מייזל,M,,
way,113623449,זרעים,-,,
way,44372563,חביבה רייך,F,,
way,200562469,חביבי אמיל,M,,
way,30088398,חבקוק הנביא,M,,
way,30878970,חברה חדשה,-,,
way,35148152,חברה חדשה,-,,
way,620409998,חברה חדשה,-,,
way,1084982924,חברה חדשה,-,,
way,33628740,חברון,-,,
way,30450215,חגי הנביא,M,,
way,30779321,חולדה,F,,
way,231028267,חומה ומגדל,-,,
way,1353660398,חומה ומגדל,-,,
way,1353660587,חומה ומגדל,-,,
way,30828429,חוני המעגל,M,,
way,43520281,חזקיהו המלך,M,,
way,43520283,חזקיהו המלך,M,,
way,157457836,חיי אדם,-,,
way,199986193,חייבי משה,M,,
way,619569863,חיים אלפרין,M,,
way,43139441,חיים בן עטר,M,,
way,43139538,חיים בן עטר,M,,
way,451476394,חיים בן עטר,M,,
way,478249665,חיים בן עטר,M,,
way,660688690,חיים בן עטר,M,,
way,1133478439,חיים בן עטר,M,,
way,31066819,חיים ברלב,M,,
way,42736076,חיים ברלב,M,,
way,184546725,חיים ברלב,M,,
way,203027989,חיים ברלב,M,,
way,240437103,חיים ברלב,M,,
way,685807494,חיים ברלב,M,,
way,685807495,חיים ברלב,M,,
way,1134561746,חיים ברלב,M,,
way,1448032673,חיים ברלב,M,,
way,35555919,חיים הזז,M,,
way,35555921,חיים הזז,M,,
way,33627817,חיים ואלישע,M,,
way,43513911,חיים חבשוש,M,,
way,658252670,חיים חבשוש,M,,
way,971619692,חיים חבשוש,M,,
way,44373483,חיים סירני,M,,
way,35418475,חיים שורר,M,,
way,35659994,חיים שורר,M,,
way,42580244,חיים שורר,M,,
way,26188077,חיל השריון,-,,
way,43328787,חיל השריון,-,,
way,167691685,חיל השריון,-,,
way,167691686,חיל השריון,-,,
way,229462874,חיל השריון,-,,
way,333538419,חיל השריון,-,,
way,404164373,חיל השריון,-,,
way,408943844,חיל השריון,-,,
way,510763520,חיל השריון,-,,
way,991717164,חיל השריון,-,,
way,44650292,חלמית,-,,
way,54032798,חלמית,-,,
way,182818179,חנאניא יעקוב ג'ורג',M,,
way,588181477,חנה אורלוף,F,,
way,355740388,חנה ומרדכי וייסר,F,,
way,355740390,חנה ומרדכי וייסר,F,,
way,355740392,חנה ומרדכי וייסר,F,,
way,355740393,חנה ומרדכי וייסר,F,,
way,355740394,חנה ומרדכי וייסר,F,,
way,355740395,חנה ומרדכי וייסר,F,,
way,399110043,חנה ומרדכי וייסר,F,,
way,399110044,חנה ומרדכי וייסר,F,,
way,399110045,חנה ומרדכי וייסר,F,,
way,399110046,חנה ומרדכי וייסר,F,,
way,399110047,חנה ומרדכי וייסר,F,,
way,399110048,חנה ומרדכי וייסר,F,,
way,157364888,חנה זמר,F,,
way,746940558,חנה מרון,F,,
way,1426099155,חנה מרון,F,,
way,44372567,חנה סנש,F,,
way,35679771,חנה רובינא,F,,
way,272033552,חנה רובינא,F,,
way,35207879,חצור,-,,
way,35207880,חצור,-,,
way,41754770,חצרים,-,,
way,28987881,חריף אייזיק,M,,
way,201294892,טאג'יר שמואל וסולטנה,M,,
way,35160117,טבריה,-,,
way,35160118,טבריה,-,,
way,44375032,טבת,-,,
way,96293766,טובה סנהדראי,F,,
way,203027995,טובה סנהדראי,F,,
way,1427266916,טוביה הרופא,M,,
way,43520358,טורי זהב,-,,
way,102850855,טיומקין,M,,
way,102850856,טיומקין,M,,
way,314298690,טייב יצחק,M,,
way,314298691,טייב יצחק,M,,
way,685807497,טייב יצחק,M,,
way,685807499,טייב יצחק,M,,
way,1299392908,טיילת איילון,-,,
way,1350955108,טיילת איילון,-,,
way,1350955114,טיילת איילון,-,,
way,355308012,טיילת המדע,-,,
way,43516228,טיילת השער ליפו,-,,
way,657059427,טיילת השער ליפו,-,,
way,657059429,טיילת השער ליפו,-,,
way,31921443,טיילת מפרץ שלמה,M,,
way,103818614,טיילת מפרץ שלמה,M,,
way,1436559558,טימן יעקב,M,,
way,30753913,טרומפלדור,M,,
way,406514935,טרומפלדור,M,,
way,30348066,טשרניחובסקי,M,,
way,727231346,טשרניחובסקי,M,,
way,1113400112,טשרניחובסקי,M,,
way,1113400117,טשרניחובסקי,M,,
way,5013389,י. ל. גורדון,M,,
way,1433625872,י. ל. גורדון,M,,
way,54045704,י.ל. פרץ,M,,
way,1133478446,י.ל. פרץ,M,,
way,1134503126,י.ל. פרץ,M,,
way,44374072,יאיר,M,,
way,44374076,יאיר,M,,
way,113615150,יאיר,M,,
way,103204041,יאיר רוזנבלום,M,,
way,33627846,יבנאל,M,,
way,362452229,יבנה,-,,
way,719488295,יבנה,-,,
way,872376414,יבנה,-,,
way,54277845,יגאל,M,,
way,35418922,יגאל מוסינזון,M,,
way,35418923,יגאל מוסינזון,M,,
way,35441156,יגאל מוסינזון,M,,
way,196778439,יגאל מוסינזון,M,,
way,258733383,יגאל מוסינזון,M,,
way,53151305,יגור,-,,
way,26423100,יגיע כפיים,-,,
way,35206546,יגיע כפיים,-,,
way,398991154,יגיע כפיים,-,,
way,398991155,יגיע כפיים,-,,
way,32786586,יד המעביר,-,,
way,32786680,יד המעביר,-,,
way,35838127,יד המעביר,-,,
way,26423097,יד חרוצים,-,,
way,641484181,יד חרוצים,-,,
way,1420129857,יד חרוצים,-,,
way,143609343,ידעיה הפניני,M,,
relation,186248,יהואש,M,,
way,31651127,יהודה בורלא,M,,
way,31651158,יהודה בורלא,M,,
way,31651177,יהודה בורלא,M,,
way,1328996466,יהודה בורלא,M,,
way,31539735,יהודה גור,M,,
way,657774931,יהודה גור,M,,
way,29253128,יהודה הימית,M,,
way,43518203,יהודה הימית,M,,
way,43518209,יהודה הימית,M,,
way,159758331,יהודה הימית,M,,
way,159758332,יהודה הימית,M,,
way,159758334,יהודה הימית,M,,
way,159758335,יהודה הימית,M,,
way,211735833,יהודה הימית,M,,
way,211736219,יהודה הימית,M,,
way,244256772,יהודה הימית,M,,
way,244256773,יהודה הימית,M,,
way,249256803,יהודה הימית,M,,
way,249256805,יהודה הימית,M,,
way,396403186,יהודה הימית,M,,
way,396403188,יהודה הימית,M,,
way,937412861,יהודה הימית,M,,
way,937412862,יהודה הימית,M,,
way,937412863,יהודה הימית,M,,
way,937412864,יהודה הימית,M,,
way,937412865,יהודה הימית,M,,
way,1189204580,יהודה הימית,M,,
way,1189204581,יהודה הימית,M,,
way,1189204582,יהודה הימית,M,,
way,1189204583,יהודה הימית,M,,
way,1189204584,יהודה הימית,M,,
way,102850849,יהודה הלוי,M,,
way,362452234,יהודה הלוי,M,,
way,363679129,יהודה הלוי,M,,
way,631603601,יהודה הלוי,M,,
way,650292529,יהודה הלוי,M,,
way,676140125,יהודה הלוי,M,,
way,762618961,יהודה הלוי,M,,
way,872376421,יהודה הלוי,M,,
way,872376422,יהודה הלוי,M,,
way,912680018,יהודה הלוי,M,,
way,1011316556,יהודה הלוי,M,,
way,1012169308,יהודה הלוי,M,,
way,1054405664,יהודה הלוי,M,,
way,1089411362,יהודה הלוי,M,,
way,1178549618,יהודה הלוי,M,,
way,1178549619,יהודה הלוי,M,,
way,1178550284,יהודה הלוי,M,,
way,30827813,יהודה המכבי,M,,
way,30884769,יהודה המכבי,M,,
way,42176066,יהודה המכבי,M,,
way,167691710,יהודה המכבי,M,,
way,213434785,יהודה המכבי,M,,
way,1081112422,יהודה המכבי,M,,
way,1081150460,יהודה המכבי,M,,
way,1113352595,יהודה המכבי,M,,
way,1123701594,יהודה המכבי,M,,
way,35417211,יהודה הנשיא,M,,
way,35417485,יהודה הנשיא,M,,
way,151524906,יהודה הנשיא,M,,
way,1392167039,יהודה הנשיא,M,,
way,1392167041,יהודה הנשיא,M,,
way,202275901,יהודה הצעיר,M,,
way,102962321,יהודה לייב הלוי ברסקי,M,,
way,41754250,יהודה מרגוזה,M,,
way,184768015,יהודה מרגוזה,M,,
way,227905980,יהודה מרגוזה,M,,
way,627997844,יהודה מרגוזה,M,,
way,692638615,יהודה מרגוזה,M,,
way,692638616,יהודה מרגוזה,M,,
way,1189451314,יהודה מרגוזה,M,,
way,36370353,יהודה סומו,M,,
way,37558158,יהודה קרני,M,,
way,37558161,יהודה קרני,M,,
way,203304796,יהויכין סטוצ'בסקי,M,,
way,35667045,יהונתן,M,,
way,101276526,יהונתן,M,,
way,101520121,יהונתן,M,,
way,396322078,יהונתן,M,,
way,1134846863,יהונתן,M,,
way,113611679,יהורם,M,,
way,64152851,יהושע בן נון,M,,
way,246428096,יהושע בן נון,M,,
way,31916731,יהושע התלמי,M,,
way,32604025,יהושע התלמי,M,,
way,1307695020,יהושע התלמי,M,,
way,1308290792,יהושע התלמי,M,,
way,1310844831,יהושע התלמי,M,,
way,1310844833,יהושע התלמי,M,,
way,1311714668,יהושע התלמי,M,,
way,1311714785,יהושע התלמי,M,,
way,81815614,יהושע רוזין,M,,
way,35667191,יואב,M,,
way,30450311,יואל,M,,
way,30779333,יודפת,-,,
way,30828129,יוחנן הגדי,M,,
way,64152853,יוחנן הורקנוס,M,,
way,32672303,יוחנן הסנדלר,M,,
way,35361981,יוכבד בת מרים,F,,
way,113619391,יונדב,M,,
way,670452352,יונדב,M,,
way,33628137,יונה הנביא,M,,
way,396031769,יונה הנביא,M,,
way,30828145,יונתן הופסי,M,,
way,103962264,יונתן רטוש,M,,
way,1191225963,יונתן רטוש,M,,
way,31923957,יוסי בן יוסי,M,,
way,31924269,יוסי בן יוסי,M,,
way,1427518295,יוסי בן יוסי,M,,
way,30450034,יוסי בנאי,M,,
way,1183058426,יוסי בנאי,M,,
way,182818189,יוסי ידין,M,,
way,657059446,יוסי ידין,M,,
way,289596335,יוסף אליהו,M,,
way,43691762,יוסף אריכא,M,,
way,45668137,יוסף אשרמן,M,,
way,157321288,יוסף בוקסבאום,M,,
way,455389939,יוסף ברסלבי,M,,
way,35554954,יוסף דה לה ריינה,M,,
way,35555040,יוסף דה לה ריינה,M,,
way,36370645,יוסף האפרתי,M,,
way,39926683,יוסף האפרתי,M,,
way,1427518300,יוסף הייקל,M,,
way,33627612,יוסף הנשיא,M,,
way,35667565,יוסף הרמלין,M,,
way,30779656,יוסף יקותיאלי,M,,
way,30779774,יוסף יקותיאלי,M,,
way,1180787791,יוסף יקותיאלי,M,,
way,1227722288,יוסף יקותיאלי,M,,
way,33633268,יוסף לוי,M,,
way,160415154,יוסף לוי,M,,
way,204137719,יוסף לוי,M,,
way,204137722,יוסף לוי,M,,
way,685797461,יוסף לוי,M,,
way,685797462,יוסף לוי,M,,
way,649560915,יוסף לישנסקי,M,,
way,1305832442,יוסף לישנסקי,M,,
way,35666997,יוסף מילוא,M,,
way,35670744,יוסף מילוא,M,,
way,110587190,יוסף סרלין,M,,
way,35210260,יוסף פעמוני,M,,
way,103959856,יועזר,M,,
way,103959859,יועזר,M,,
way,103959866,יועזר,M,,
way,44375233,יורה,-,,
way,44375829,יורה,-,,
way,44374377,יורם,M,,
way,532023751,יורם קניוק,M,,
way,693747777,יורם קניוק,M,,
way,1001335339,יורם קניוק,M,,
way,1001335340,יורם קניוק,M,,
way,101473855,יורק שטיינר,M,,
way,113482811,יזהר,M,,
way,30450286,יחזקאל,M,,
way,58412113,יחזקאל קויפמן,M,,
way,184547405,יחזקאל קויפמן,M,,
way,204138022,יחזקאל קויפמן,M,,
way,204138024,יחזקאל קויפמן,M,,
way,204138347,יחזקאל קויפמן,M,,
way,204138350,יחזקאל קויפמן,M,,
way,840567881,יחזקאל קויפמן,M,,
way,990978836,יחזקאל קויפמן,M,,
way,1022418588,יחזקאל קויפמן,M,,
way,1187640606,יחזקאל קויפמן,M,,
way,1189122414,יחזקאל קויפמן,M,,
way,34919576,יחזקאל שטרייכמן,M,,
way,34919577,יחזקאל שטרייכמן,M,,
way,34919579,יחזקאל שטרייכמן,M,,
way,34919580,יחזקאל שטרייכמן,M,,
way,34919646,יחזקאל שטרייכמן,M,,
way,34919874,יחזקאל שטרייכמן,M,,
way,34919877,יחזקאל שטרייכמן,M,,
way,34919878,יחזקאל שטרייכמן,M,,
way,34919880,יחזקאל שטרייכמן,M,,
way,34919889,יחזקאל שטרייכמן,M,,
way,43076181,יחיא קאפח,M,,
way,149875880,יחיא קאפח,M,,
way,149905940,יחיא קאפח,M,,
way,971619689,יחיא קאפח,M,,
way,35373095,יחיאל דב דרזנר,M,,
way,81815638,יחיאל דב דרזנר,M,,
way,1237094595,יחיאל דב דרזנר,M,,
way,103962271,יחיאל שמי,M,,
way,692638619,יחיאל שמי,M,,
way,54046698,יחיאלי,M,,
way,54046754,יחיאלי,M,,
way,54046756,יחיאלי,M,,
way,630992774,יחיאלי,M,,
way,113482587,יחיעם,M,,
way,113482719,יחיעם,M,,
way,157321286,יינון,M,,
way,619274420,יינון,M,,
way,157457830,ילקוט הרועים,-,,
way,396220486,ילקוט הרועים,-,,
way,43517406,ים סוף,-,,
way,415167668,ים סוף,-,,
way,640102910,ים סוף,-,,
way,640102913,ים סוף,-,,
way,44374259,ימין,-,,
way,113612189,ימין,-,,
way,113621063,ימין,-,,
way,143896042,יסוד המעלה,-,,
way,905925905,יסוד המעלה,-,,
way,182818204,יסעור,-,,
way,1176026863,יסעור,-,,
way,35169587,יעל,-,,
way,41754959,יעקב אבוטבול,M,,
way,249256802,יעקב אבוטבול,M,,
way,30138783,יעקב דורי,M,,
way,35102351,יעקב דורי,M,,
way,213438110,יעקב דורי,M,,
way,213438245,יעקב דורי,M,,
way,1368446236,יעקב דורי,M,,
way,1368446237,יעקב דורי,M,,
way,1368446238,יעקב דורי,M,,
way,1368446239,יעקב דורי,M,,
way,1368446240,יעקב דורי,M,,
way,35373063,יעקב וייס,M,,
way,45544770,יעקב וסרמן,M,,
way,35417895,יעקב זרובבל,M,,
way,39357807,יעקב חזן,M,,
way,30451487,יעקב מרידור,M,,
way,96299416,יעקב סלע,M,,
way,53146620,יעקב ריפמן,M,,
way,71375878,יעקב שבתאי,M,,
way,43141548,יעקובוב אוריאל,M,,
way,39357697,יפעת,-,,
way,28941501,יפת,M,,
way,28941504,יפת,M,,
way,41763046,יפת,M,,
way,159745340,יפת,M,,
way,159745344,יפת,M,,
way,211620208,יפת,M,,
way,1189447920,יפת,M,,
way,1189447923,יפת,M,,
way,1223394513,יפת,M,,
way,198360553,יפתח,M,,
way,1089729067,יפתח,M,,
way,808572183,יצחק (זיקו) גרציאני,M,,
way,1053696067,יצחק (זיקו) גרציאני,M,,
way,1053696068,יצחק (זיקו) גרציאני,M,,
way,1083450725,יצחק (זיקו) גרציאני,M,,
way,104805564,יצחק אבינרי,M,,
way,182816259,יצחק אבינרי,M,,
way,619568943,יצחק אולשן,M,,
way,180625543,יצחק אלחנן,M,,
way,227905982,יצחק אלחנן,M,,
way,99689039,יצחק ארצי,M,,
way,103195637,יצחק ארצי,M,,
way,362308350,יצחק ארצי,M,,
way,710261370,יצחק ארצי,M,,
way,1181893000,יצחק ארצי,M,,
way,1216081240,יצחק ארצי,M,,
way,1216081241,יצחק ארצי,M,,
way,1216081242,יצחק ארצי,M,,
way,1216081243,יצחק ארצי,M,,
way,1216081249,יצחק ארצי,M,,
way,34920041,יצחק בשביס זינגר,M,,
way,34920046,יצחק בשביס זינגר,M,,
way,34920051,יצחק בשביס זינגר,M,,
way,34920084,יצחק בשביס זינגר,M,,
way,1181042929,יצחק בשביס זינגר,M,,
way,1181042930,יצחק בשביס זינגר,M,,
way,102843802,יצחק ויטנברג,M,,
way,31539815,יצחק חיותמן,M,,
way,1390233405,יצחק חיותמן,M,,
way,35555181,יצחק חילו,M,,
way,35555866,יצחק טבנקין,M,,
way,172532015,יצחק טבנקין,M,,
way,1427535938,יצחק ישראלי,M,,
way,35555950,יצחק פרלשטיין,M,,
way,35555965,יצחק פרלשטיין,M,,
way,201192156,יצחק רבין,M,,
way,1116740498,יצחק רבין,M,,
way,35206458,יצחק שדה,M,,
way,116398727,יצחק שדה,M,,
way,116398740,יצחק שדה,M,,
way,116398751,יצחק שדה,M,,
way,122217870,יצחק שדה,M,,
way,155506490,יצחק שדה,M,,
way,167691715,יצחק שדה,M,,
way,258686052,יצחק שדה,M,,
way,263609176,יצחק שדה,M,,
way,263609177,יצחק שדה,M,,
way,263611181,יצחק שדה,M,,
way,295233263,יצחק שדה,M,,
way,365341967,יצחק שדה,M,,
way,373509897,יצחק שדה,M,,
way,378748860,יצחק שדה,M,,
way,425931845,יצחק שדה,M,,
way,901992517,יצחק שדה,M,,
way,901992520,יצחק שדה,M,,
way,942644846,יצחק שדה,M,,
way,963051484,יצחק שדה,M,,
way,1005231742,יצחק שדה,M,,
way,1020354314,יצחק שדה,M,,
way,1020354316,יצחק שדה,M,,
way,1042138601,יצחק שדה,M,,
way,1088278768,יצחק שדה,M,,
way,1106780269,יצחק שדה,M,,
way,1106780270,יצחק שדה,M,,
way,1106780271,יצחק שדה,M,,
way,1106780277,יצחק שדה,M,,
way,1119402674,יצחק שדה,M,,
way,1253935764,יצחק שדה,M,,
way,44373153,יציאת אירופה,-,,
way,44373953,יקותיאל,M,,
way,113615283,יקותיאל,M,,
way,113615284,יקותיאל,M,,
way,630992757,יקנטון,-,,
way,31066090,ירוחם משל,M,,
way,205613315,ירוחם משל,M,,
way,221127668,ירוחם משל,M,,
way,221127671,ירוחם משל,M,,
way,221127672,ירוחם משל,M,,
way,221127674,ירוחם משל,M,,
way,221127676,ירוחם משל,M,,
way,221127679,ירוחם משל,M,,
way,221931558,ירוחם משל,M,,
way,221931563,ירוחם משל,M,,
way,221931568,ירוחם משל,M,,
way,697516884,ירוחם משל,M,,
way,697516886,ירוחם משל,M,,
way,1191579777,ירוחם משל,M,,
way,1191579778,ירוחם משל,M,,
way,1191579779,ירוחם משל,M,,
way,1191579780,ירוחם משל,M,,
way,30615733,יריחו,-,,
way,26516058,ירמיהו,M,,
way,492978628,ירמיהו,M,,
way,969548477,ירמיהו,M,,
way,1121253640,ירמיהו,M,,
way,492978620,ישעיהו,M,,
way,101272634,ישעיהו אברך,M,,
way,557408553,ישעיהו ליבוביץ,M,,
way,860939827,ישעיהו ליבוביץ,M,,
way,860939829,ישעיהו ליבוביץ,M,,
way,1134561734,ישעיהו ליבוביץ,M,,
way,1134561736,ישעיהו ליבוביץ,M,,
way,1134561741,ישעיהו ליבוביץ,M,,
way,1134561742,ישעיהו ליבוביץ,M,,
way,1134561744,ישעיהו ליבוביץ,M,,
way,35554880,ישראל אשכנזי,M,,
way,35554918,ישראל אשכנזי,M,,
way,101327148,ישראל אשכנזי,M,,
way,154656604,"ישראל ב""ק",M,,
way,641523701,"ישראל ב""ק",M,,
way,641523702,"ישראל ב""ק",M,,
way,1328918717,ישראל בק,M,,
way,1410591259,ישראל בק,M,,
way,342560129,ישראל גלילי,M,,
way,342560130,ישראל גלילי,M,,
way,342560131,ישראל גלילי,M,,
way,365926613,ישראל טל,M,,
way,685185471,ישראל טל,M,,
way,685192228,ישראל טל,M,,
way,959121842,ישראל טל,M,,
way,1133512831,ישראל טל,M,,
way,1267059120,ישראל טל,M,,
way,1267059122,ישראל טל,M,,
way,1267059123,ישראל טל,M,,
way,43520112,ישראל מסלנט,M,,
way,189671688,ישראל מריז'ין,M,,
way,154716325,ישראל שפירא,M,,
way,189671686,"כ""ץ יעקב יוסף",M,,
way,189671687,"כ""ץ יעקב יוסף",M,,
way,189671693,"כ""ץ יעקב יוסף",M,,
way,224229960,כביש גהה,-,,
way,226448033,כביש גהה,-,,
way,472550774,כביש גהה,-,,
way,27326010,כביש ירושלים תל אביב,-,,
way,96864577,כביש ירושלים תל אביב,-,,
way,130040735,כביש ירושלים תל אביב,-,,
way,158249736,כביש ירושלים תל אביב,-,,
way,158249766,כביש ירושלים תל אביב,-,,
way,158249770,כביש ירושלים תל אביב,-,,
way,158249771,כביש ירושלים תל אביב,-,,
way,96864576,כביש תל אביב ירושלים,-,,
way,139744098,כביש תל אביב ירושלים,-,,
way,158249759,כביש תל אביב ירושלים,-,,
way,158249775,כביש תל אביב ירושלים,-,,
way,762618965,כביש תל אביב ירושלים,-,,
way,1087512406,כביש תל אביב ירושלים,-,,
way,215840484,כביש תל-אביב נתניה,-,,
way,143397432,כוכבי יצחק,M,,
way,143397435,כוכבי יצחק,M,,
way,143397442,כוכבי יצחק,M,,
way,25895887,כורש,M,,
way,199339796,כורש,M,,
way,35665854,כיכר אהוד אבריאל,M,,
way,1134738134,כיכר אהוד אבריאל,M,,
way,103421017,כיכר איינשטיין,M,,
way,102649609,כיכר אילן,M,,
way,412043919,כיכר איסר הראל,M,,
way,912644177,כיכר איסר הראל,M,,
way,912644178,כיכר איסר הראל,M,,
way,912644179,כיכר איסר הראל,M,,
way,1134738133,כיכר איסר הראל,M,,
way,1134836535,כיכר איסר הראל,M,,
way,1134836536,כיכר איסר הראל,M,,
way,1134836537,כיכר איסר הראל,M,,
relation,13658562,כיכר אתרים,-,,
way,754900124,כיכר בצלאל,M,,
way,686556685,כיכר דיזנגוף (צינה),F,,
way,1019049227,כיכר דיזנגוף (צינה),F,,
way,1019049228,כיכר דיזנגוף (צינה),F,,
way,1134725841,כיכר דיזנגוף (צינה),F,,
relation,15073353,כיכר דימיטר פשב,M,,
way,1190120467,כיכר הדמוקרטיה,-,,
way,453004462,"כיכר היובל ע""ש אביבה ואורספלבר",F,,
relation,15597244,כיכר הכנסת,-,,
relation,15057379,כיכר המושבה,-,,
way,33626593,כיכר המלך אלברט,M,,
way,473287488,כיכר המלך אלברט,M,,
way,473287489,כיכר המלך אלברט,M,,
way,751623435,כיכר השואה והתקומה,-,,
way,1273536833,כיכר השואה והתקומה,-,,
way,149905969,כיכר השעות היפות,-,,
way,28959463,כיכר וולפסון,M,,
way,28959467,כיכר וולפסון,M,,
way,28959472,כיכר וולפסון,M,,
way,183036810,כיכר וולפסון,M,,
way,183036812,כיכר וולפסון,M,,
way,1133450295,כיכר וולפסון,M,,
way,1133450309,כיכר וולפסון,M,,
way,1134503145,כיכר וולפסון,M,,
way,1134503146,כיכר וולפסון,M,,
way,168983276,כיכר חנה אבנור,F,,
way,1284672741,כיכר יוסי כרמל,M,,
way,201004221,כיכר מגן דוד,-,,
relation,15690217,כיכר מוזיאון תל אביב,-,,
way,103863618,כיכר קדומים,-,,
way,281251515,כיכר קצה השדרה,-,,
relation,15823868,כיכר שטרן מרדכי חיים,M,,
way,627997845,כיכר שיח' בסאם אבו זיד,M,,
way,33627984,כינרת,-,,
way,35556353,כיסופים,-,,
way,35556357,כיסופים,-,,
way,54046687,כל ישראל חברים,-,,
way,630992771,כל ישראל חברים,-,,
way,43076290,כנפי נשרים,-,,
way,43513757,כנפי נשרים,-,,
way,80363281,כנפי נשרים,-,,
way,971619697,כנפי נשרים,-,,
way,44374775,כסלו,-,,
way,113621442,כסלו,-,,
way,76595358,כרמלית,-,,
way,669528238,כרמלית,-,,
way,686282329,כרמלית,-,,
way,35668561,לאה,F,,
way,100716103,לאה,F,,
way,100716152,לאה,F,,
way,659488918,לאה,F,,
way,101972664,לאה ודוד איזמוז'יק,F,,
way,26231525,לאונרדו דה וינצ'י,M,,
way,28598578,לאונרדו דה וינצ'י,M,,
way,204416912,לאונרדו דה וינצ'י,M,,
way,204416916,לאונרדו דה וינצ'י,M,,
way,261835813,לאונרדו דה וינצ'י,M,,
way,289596334,לאונרדו דה וינצ'י,M,,
way,400654158,לאונרדו דה וינצ'י,M,,
way,400654163,לאונרדו דה וינצ'י,M,,
way,463041714,לאונרדו דה וינצ'י,M,,
way,717473691,לאונרדו דה וינצ'י,M,,
way,717473693,לאונרדו דה וינצ'י,M,,
way,1056690093,לאונרדו דה וינצ'י,M,,
way,1056690094,לאונרדו דה וינצ'י,M,,
way,1134725777,לאונרדו דה וינצ'י,M,,
way,1160484608,לאונרדו דה וינצ'י,M,,
way,31917903,לב אברהם,M,,
way,142816371,לבנדובסקי,M,,
way,142816370,לבנדובסקי אליעזר,M,,
way,30828195,לואי מרשל,M,,
way,30828197,לואי מרשל,M,,
way,212770321,לואי מרשל,M,,
way,233505240,לואי מרשל,M,,
way,43520705,לואי פסטר,M,,
way,362318588,לובה אליאב,M,,
way,98520940,לוי אשכול,M,,
way,98520946,לוי אשכול,M,,
way,174351799,לוי אשכול,M,,
way,174351800,לוי אשכול,M,,
way,229934559,לוי אשכול,M,,
way,34955878,לויד ג'ורג',M,,
way,34955653,לוין קיפניס,M,,
way,41762939,לוינסון אברהם,M,,
way,35160227,לוריא,M,,
way,133955966,ליב בן שרה,M,,
way,35954967,לילי מנחם,F,,
way,35956414,לילי מנחם,F,,
way,155506483,לינקולן,M,,
way,365341959,לינקולן,M,,
way,1020256836,לינקולן,M,,
way,1088278767,לינקולן,M,,
way,1106780283,לינקולן,M,,
way,1106780286,לינקולן,M,,
way,1126805739,לינקולן,M,,
way,1126805743,לינקולן,M,,
way,37573579,ליפקין-שחק,M,,
way,43944272,ליפקין-שחק,M,,
way,1056620909,ליפקין-שחק,M,,
way,26053859,לסר אורי,M,,
way,203028031,"מאור יעקב שב""י",M,,
way,203028032,"מאור יעקב שב""י",M,,
way,189671694,מאור עינים,-,,
way,30754183,מאוריציו ויטלה,M,,
way,35953397,מאיר בינט,M,,
way,102793329,מאיר בינט,M,,
way,454334756,מאיר בינט,M,,
way,41802045,מאיר גרוסמן,M,,
way,43141222,מאיר גרוסמן,M,,
way,211731545,מאיר גרוסמן,M,,
way,212353096,מאיר גרוסמן,M,,
way,212353845,מאיר גרוסמן,M,,
way,973313789,מאיר גרוסמן,M,,
way,31650976,מאיר יערי,M,,
way,31650999,מאיר יערי,M,,
way,749189725,מאיר יערי,M,,
way,749189726,מאיר יערי,M,,
way,39924356,מאיר מרגלית,M,,
way,35373121,מאיר נקר,M,,
way,35373014,מאיר פיינשטיין,M,,
way,34920569,מארק שגאל,M,,
way,30824915,מבצע קדש,-,,
way,30824978,מבצע קדש,-,,
way,35555594,מבצע קדש,-,,
way,35555610,מבצע קדש,-,,
way,35555621,מבצע קדש,-,,
way,35828145,מבצע קדש,-,,
way,100763972,מבצע קדש,-,,
way,100764054,מבצע קדש,-,,
way,101223175,מבצע קדש,-,,
way,271407917,מבצע קדש,-,,
way,391604091,מבצע קדש,-,,
way,958970377,מבצע קדש,-,,
way,1160820271,מבצע קדש,-,,
way,1213343844,מבצע קדש,-,,
way,117192332,מגדל,-,,
way,630992749,מגדל,-,,
way,669528239,מגדל,-,,
way,669528240,מגדל,-,,
way,1363845544,מגדל,-,,
way,31539490,מגידו,-,,
way,41754877,מגן אברהם,M,,
way,362620247,מגן אברהם,M,,
way,657059453,מדרגות אנדרומדה,-,,
way,189671690,מדרש פנחס,M,,
way,638710934,מדרש פנחס,M,,
way,107870662,מהלל העדני,M,,
way,203418422,מהלל העדני,M,,
way,30779203,"מהר""ל",M,,
way,30959631,"מהר""ל",M,,
way,26120691,מודיליאני,M,,
way,99924466,מודיליאני,M,,
way,203263664,מודיליאני,M,,
way,145552020,מוחמד מרזוק,M,,
way,42580204,מוטה גור,M,,
way,43691759,מוטה גור,M,,
way,143905177,מולדת,-,,
way,31539959,מוסינזון,M,,
way,44376437,מור,-,,
way,676281766,מור,-,,
way,97197434,מוריץ דניאל,M,,
way,97201308,מוריץ דניאל,M,,
way,39357695,מורשת,-,,
way,103821500,מזל אריה,-,,
way,103856389,מזל אריה,-,,
way,103856390,מזל אריה,-,,
way,103818584,מזל בתולה,-,,
way,103861923,מזל בתולה,-,,
way,1185648329,מזל בתולה,-,,
way,103821509,מזל גדי,-,,
way,103821514,מזל דגים,-,,
way,925596408,מזל דגים,-,,
way,103821542,מזל דלי,-,,
way,103856398,מזל טלה,-,,
way,103818615,מזל מאזניים,-,,
way,103861929,מזל מאזניים,-,,
way,103818626,מזל סרטן,-,,
way,160402473,מזל סרטן,-,,
way,628212312,מזל עקרב,-,,
way,628212313,מזל עקרב,-,,
way,103818609,מזל קשת,-,,
way,103853377,מזל שור,-,,
way,103852918,מזל תאומים,-,,
way,33628029,מחנה יוסף,M,,
way,630992762,מחנה יוסף,M,,
way,44650289,מחרוזת,-,,
way,307417808,מחרוזת,-,,
way,742719148,מחרוזת,-,,
way,1187640547,מחרוזת,-,,
way,1187640548,מחרוזת,-,,
way,1187640552,מחרוזת,-,,
way,163291463,מיכאל נאמן,M,,
way,282992439,מיכאל נאמן,M,,
way,1173228622,מיכאל נאמן,M,,
way,30879340,מיכה,M,,
way,39461189,מיכלאנג'לו,M,,
way,211628990,מיכלאנג'לו,M,,
way,692841858,מיכלאנג'לו,M,,
way,696305933,מיכלאנג'לו,M,,
way,756677046,מיכלאנג'לו,M,,
way,1187640573,מיכלאנג'לו,M,,
way,516954917,מיקוניס שמואל,M,,
way,24637619,מנדלי מוכר ספרים,M,,
way,505831048,מנדלי מוכר ספרים,M,,
way,35169321,מנדלסון,M,,
way,759980926,מנדלסון,M,,
way,1106734974,מנהרת עוזי חיטמן,M,,
way,364646180,מנהרת קרליבך,M,,
way,364646190,מנהרת קרליבך,M,,
way,814648402,מנהרת קרליבך,M,,
way,871718368,מנהרת קרליבך,M,,
way,1020354313,מנהרת קרליבך,M,,
way,75079980,מנוחה,-,,
way,39357496,מנורה,-,,
way,39357568,מנורה,-,,
way,39357576,מנורה,-,,
way,39357578,מנורה,-,,
way,454334758,מנורה,-,,
way,904696560,מנורה,-,,
way,157321240,מנורת המאור,-,,
way,43141544,מנחם ארבר,M,,
way,44377008,מנחם מדמון,M,,
way,44377132,מנחם מדמון,M,,
way,203418423,מנחם מדמון,M,,
way,203418424,מנחם מדמון,M,,
way,32671704,מנחם מנדל בייליס,M,,
way,44374326,מנחם ריבולוב,M,,
way,143623364,מנשה בן ישראל,M,,
way,143609337,מסילה א,-,,
way,143609325,מסילה ב,-,,
way,1134503141,מסילת העולים,-,,
way,26187170,מסילת וולפסון,M,,
way,968487424,מסילת וולפסון,M,,
way,1306999154,מסילת וולפסון,M,,
way,43138903,מסילת ישרים,-,,
way,43138915,מסילת ישרים,-,,
way,180662574,מסילת ישרים,-,,
way,415489066,מסילת ישרים,-,,
way,415489067,מסילת ישרים,-,,
way,143905178,מסילת עולם,-,,
way,1432220716,מסלול החושים האתגרי,-,,
way,30779570,מצדה,-,,
way,35169396,מצפה,-,,
way,34955655,מקס ברוד,M,,
way,34955656,מקס ברוד,M,,
way,196779131,מקס ברוד,M,,
way,31184258,מרגולין,M,,
way,31184442,מרגולין,M,,
way,133955486,מרגוע,-,,
way,35373097,מרדכי אלקחי,M,,
way,35373102,מרדכי אלקחי,M,,
way,35373116,מרדכי אלקחי,M,,
way,35373153,מרדכי אלקחי,M,,
way,156587624,מרדכי אנילביץ',M,,
way,156587631,מרדכי אנילביץ',M,,
way,183251320,מרדכי אנילביץ',M,,
way,183251321,מרדכי אנילביץ',M,,
way,397159530,מרדכי אנילביץ',M,,
way,397159531,מרדכי אנילביץ',M,,
way,1430739660,מרדכי אנילביץ',M,,
way,1430739661,מרדכי אנילביץ',M,,
way,728292914,מרדכי בנטוב,M,,
way,100002679,מרדכי זעירא,M,,
way,35667148,מרדכי מאייר,M,,
way,339334239,מרדכי מקלף,M,,
way,35418643,מרדכי רומנו,M,,
way,35418647,מרדכי רומנו,M,,
way,30827866,מרים החשמונאית,F,,
way,30827873,מרים החשמונאית,F,,
way,30996418,מרים החשמונאית,F,,
way,30996422,מרים החשמונאית,F,,
way,212770320,מרים החשמונאית,F,,
way,33627427,מרכז בעלי מלאכה,-,,
way,33629806,מרכז בעלי מלאכה,-,,
way,39357775,מרסל ינקו,M,,
way,100716091,מרסל ינקו,M,,
way,34920483,מרק שגאל,M,,
way,34920485,מרק שגאל,M,,
way,34920505,מרק שגאל,M,,
way,34920537,מרק שגאל,M,,
way,34920543,מרק שגאל,M,,
way,34920555,מרק שגאל,M,,
way,34920566,מרק שגאל,M,,
way,309423216,מרק שגאל,M,,
way,1106715801,מרק שגאל,M,,
way,1106715802,מרק שגאל,M,,
way,1106715804,מרק שגאל,M,,
way,1106715807,מרק שגאל,M,,
way,39357783,משה ארם,M,,
way,35417954,משה ברזאני,M,,
way,96290781,משה בריל,M,,
way,685807496,משה בריל,M,,
way,685807498,משה בריל,M,,
way,43140422,משה הלוי,M,,
way,696305932,משה הלוי,M,,
way,406514934,משה הס,M,,
way,34955711,משה וילנסקי,M,,
way,36370523,משה זכות,M,,
way,235713658,משה מאור,M,,
way,451476397,משה מאור,M,,
way,98702943,משה פרלוק,M,,
way,134165789,משה פרלוק,M,,
way,100002678,משה קול,M,,
way,454334757,משה שלוש,M,,
way,94703330,משה שמיר,M,,
way,30878889,משה שרת,M,,
way,31554708,משה שרת,M,,
way,657774932,משה שרת,M,,
way,1206136559,משה שרת,M,,
way,42029648,משמר הגבול,-,,
way,972883920,משמר הגבול,-,,
way,25015411,משמר הירדן,-,,
way,33492502,משמר הירדן,-,,
way,33493533,משמר הירדן,-,,
way,35554777,משמר הירדן,-,,
way,628650640,משמר הירדן,-,,
way,657412553,משמר הירדן,-,,
way,981290897,משמר הירדן,-,,
way,981290898,משמר הירדן,-,,
way,981290899,משמר הירדן,-,,
way,1134738141,משמר הירדן,-,,
way,1134846854,משמר הירדן,-,,
way,1134846855,משמר הירדן,-,,
way,1134846857,משמר הירדן,-,,
way,1134846858,משמר הירדן,-,,
way,1136470467,משמר הירדן,-,,
way,686808511,משעול יוסף שמידט,M,,
way,31920033,משעול יעקב,M,,
way,31920264,משעול יעקב,M,,
way,31920321,משעול יעקב,M,,
way,33827046,מתתיהו כהן גדול,M,,
way,35592050,מתתיהו שוהם,M,,
way,35667645,מתתיהו שוהם,M,,
way,907894833,מתתיהו שוהם,M,,
way,907894836,מתתיהו שוהם,M,,
way,1427266905,נאדיה חילו,F,,
way,34920062,נאמן יובל פרופסור,M,,
way,34920066,נאמן יובל פרופסור,M,,
way,34920074,נאמן יובל פרופסור,M,,
way,84925160,נאמן יובל פרופסור,M,,
way,203669633,נאמן יובל פרופסור,M,,
way,676822813,נאמן יובל פרופסור,M,,
way,1003023632,נאמן יובל פרופסור,M,,
way,1003023633,נאמן יובל פרופסור,M,,
way,1076188353,נאמן יובל פרופסור,M,,
way,1076188354,נאמן יובל פרופסור,M,,
way,182818178,נבטים,-,,
way,50901596,נגבה,-,,
way,54277844,נדב,M,,
way,33628049,נווה צדק,-,,
way,45373444,נווה צדק,-,,
way,627244547,נווה צדק,-,,
way,630992760,נווה צדק,-,,
way,630992764,נווה צדק,-,,
way,35170883,נווה שלום,-,,
way,630996366,נווה שלום,-,,
way,1363845685,נווה שלום,-,,
way,41754871,נועם,M,,
way,35667506,נורית,F,,
way,37558131,נח,M,,
way,97197487,נחום גוטמן,M,,
way,37558148,נחום גולדמן,M,,
way,204138344,נחום גולדמן,M,,
way,1042142554,נחום גולדמן,M,,
way,1191225957,נחום גולדמן,M,,
way,1191225958,נחום גולדמן,M,,
way,1191225959,נחום גולדמן,M,,
way,1191225960,נחום גולדמן,M,,
way,1191225961,נחום גולדמן,M,,
way,1191225962,נחום גולדמן,M,,
way,1191225964,נחום גולדמן,M,,
way,1191225965,נחום גולדמן,M,,
way,1191225966,נחום גולדמן,M,,
way,1191225967,נחום גולדמן,M,,
way,30879349,נחום הנביא,M,,
way,101972660,נחום וינשטיין,M,,
way,30330795,נחום סוקולוב,M,,
way,1073394383,נחום סוקולוב,M,,
way,1073394384,נחום סוקולוב,M,,
way,171266525,נחל איילון,-,,
way,199343559,נחל איילון,-,,
way,43140888,נחל הבשור,-,,
way,415167680,נחל הבשור,-,,
way,638501765,נחל הבשור,-,,
way,1187640555,נחל הבשור,-,,
way,1187640556,נחל הבשור,-,,
way,43140882,נחל עוז,-,,
way,43141005,נחל עוז,-,,
way,43141011,נחל שורק,-,,
way,35554713,נחלאות,-,,
way,157321258,נחלת יצחק,M,,
way,228774799,נחלת יצחק,M,,
way,1203427526,נחלת יצחק,M,,
way,1203427527,נחלת יצחק,M,,
way,56223461,נחמה,F,,
way,217345009,נחמה,F,,
way,412563556,נחמה,F,,
way,98866932,נחמן מברסלב,M,,
way,213882259,נחמן מברסלב,M,,
way,43074510,ניסים אלוני,M,,
way,43074787,ניסים אלוני,M,,
way,225710124,ניסים אלוני,M,,
way,225710129,ניסים אלוני,M,,
way,38957953,ניסן כהן,M,,
way,34719740,ניסנבוים,M,,
way,157321261,ניר עם,-,,
way,619274421,ניר עם,-,,
way,32525955,נמל יפו,-,,
way,103765252,נמל יפו,-,,
way,396403187,נמל יפו,-,,
way,732788482,נמל יפו,-,,
way,26422936,נמל תל אביב,-,,
way,43519099,נס הרים,-,,
way,28988761,נס לגויים,-,,
way,211626824,נס לגויים,-,,
way,211730829,נס לגויים,-,,
way,211732798,נס לגויים,-,,
way,244256767,נס לגויים,-,,
way,244256774,נס לגויים,-,,
way,1133450297,נס לגויים,-,,
way,1133450299,נס לגויים,-,,
way,1133450301,נס לגויים,-,,
way,1189204585,נס לגויים,-,,
way,35165669,נס ציונה,-,,
way,145552024,נסאר ג'ורג',M,,
way,30146189,נצח ישראל,-,,
way,505976326,נצח ישראל,-,,
way,681314084,נרדי נחום,M,,
way,720335290,נרדי נחום,M,,
way,103818619,נתיב המזלות,-,,
way,44375815,נתיבות,-,,
way,619464886,נתיבות,-,,
way,44374442,נתן,M,,
way,113620688,נתן,M,,
way,1134561764,נתן,M,,
way,1164071052,נתן,M,,
way,109861304,נתן אלבז,M,,
relation,187324,נתן החכם,M,,
way,35667501,סביון,-,,
way,26053176,סוטין,M,,
way,37668275,סוטין,M,,
way,37668276,סוטין,M,,
way,1205239897,סוטין,M,,
way,98702941,סטימצקי אביגדור,M,,
way,203335530,סטימצקי אביגדור,M,,
way,1177948639,סטימצקי אביגדור,M,,
way,1177948648,סטימצקי אביגדור,M,,
way,1177948649,סטימצקי אביגדור,M,,
way,35657045,סטפן צווייג,M,,
way,37576726,סטפן צווייג,M,,
way,113618381,סימן טוב,M,,
way,643412741,סימן טוב,M,,
way,143896036,סלומון,M,,
way,228774304,סלומון,M,,
way,1012523162,סלומון,M,,
way,1062311107,סלומון,M,,
way,1062311108,סלומון,M,,
way,1134591076,סלומון,M,,
way,44374522,סמדר,-,,
way,33627565,סמטה אלמונית,F,,
way,33627560,סמטה פלונית,F,,
way,54277852,סמטת איתן,M,,
way,143905192,סמטת הגינה,-,,
way,34589527,סמטת החובבים,-,,
way,124271758,סמטת החרמון,-,,
way,43513703,סמטת הכרמל,-,,
way,182735293,סמטת הכרמל,-,,
way,1090423236,סמטת הכרמל,-,,
way,143905199,סמטת הר ציון,-,,
way,43139756,"סמטת הש""ך",M,,
way,203922639,סמטת השוק,-,,
way,754976042,סמטת השוק,-,,
way,754976043,סמטת השוק,-,,
way,30773194,סמטת זנגביל,-,,
way,113623691,סמטת זרת,-,,
way,30879358,סמטת מיכה,M,,
way,1089729069,סמטת מסלול,-,,
way,35556583,סמטת משמר הירדן,-,,
way,200854883,סמטת נוה צדק,-,,
way,200854884,סמטת נוה צדק,-,,
way,203332768,סמטת שבזי,M,,
way,481091281,סמטת שרה עזריהו,F,,
way,45668557,סנפיר,-,,
way,30698913,סעדיה גאון,M,,
way,365919048,סעדיה גאון,M,,
way,365919049,סעדיה גאון,M,,
way,395188873,סעדיה גאון,M,,
way,406084840,סעדיה גאון,M,,
way,669582291,סעדיה גאון,M,,
way,670198472,סעדיה גאון,M,,
way,670198475,סעדיה גאון,M,,
way,50902431,סר ג'ון מונש,M,,
way,50902899,סר ג'ון מונש,M,,
way,50901923,סר ווינסטון צ'רצ'יל,M,,
way,39461186,עבד אל גני,M,,
way,41762846,עבד אל גני,M,,
way,1427518303,עבד אל גני,M,,
way,1427518304,עבד אל גני,M,,
way,145552019,עבד אל ראוף אלביטאר,M,,
way,30773028,עובדיה הנביא,M,,
way,30773050,עובדיה הנביא,M,,
way,30169854,עובדיה מברטנורה,M,,
way,45667745,עודד,M,,
way,286743533,עודד,M,,
way,284108664,עוזי חיטמן,M,,
way,407466007,עוזי חיטמן,M,,
way,407466008,עוזי חיטמן,M,,
way,407466009,עוזי חיטמן,M,,
way,407466010,עוזי חיטמן,M,,
way,553075654,עוזי חיטמן,M,,
way,1106734973,עוזי חיטמן,M,,
way,1106734978,עוזי חיטמן,M,,
way,1106734979,עוזי חיטמן,M,,
way,1106734981,עוזי חיטמן,M,,
way,1148008841,עוזי חיטמן,M,,
way,1148008842,עוזי חיטמן,M,,
way,43518780,עופר כהן,M,,
way,728292921,עופר כהן,M,,
way,37558146,עזרא הסופר,M,,
way,53151299,עין גב,-,,
way,30615731,עין גדי,-,,
way,617606346,עין גנים,-,,
way,627267024,עין גנים,-,,
way,33631521,עין ורד,-,,
way,157321228,עין זיתים,-,,
way,32266280,עין חרוד,-,,
way,31915734,עין יעקב,M,,
way,669528243,עין יעקב,M,,
way,35591662,עיר שמש,-,,
way,35667755,עיר שמש,-,,
way,53813457,עיר שמש,-,,
way,104054810,עיר שמש,-,,
way,83239716,על פרשת דרכים,-,,
way,814693246,על פרשת דרכים,-,,
way,814693247,על פרשת דרכים,-,,
way,815537018,על פרשת דרכים,-,,
way,894406049,על פרשת דרכים,-,,
way,959859619,על פרשת דרכים,-,,
way,1165180544,על פרשת דרכים,-,,
way,1381717313,על פרשת דרכים,-,,
way,84925310,עמיחי יהודה,M,,
way,84925455,עמיחי יהודה,M,,
way,1003023639,עמיחי יהודה,M,,
way,1003023640,עמיחי יהודה,M,,
way,1003023641,עמיחי יהודה,M,,
way,1003023642,עמיחי יהודה,M,,
way,1003023645,עמיחי יהודה,M,,
way,1003023646,עמיחי יהודה,M,,
way,31651382,עמיחי פאגלין,M,,
way,157321218,עמינדב,M,,
way,262516529,עמינדב,M,,
way,37571059,עמיעד,M,,
way,396403181,עמיעד,M,,
way,692638613,עמיעד,M,,
way,941496276,עמיעד,M,,
way,43519032,עמיקם,M,,
way,1028956692,עמיקם,M,,
way,154716376,עמישב,M,,
way,154716378,עמישב,M,,
way,201074070,עמישב,M,,
way,220914876,עמישב,M,,
way,101362252,עמנואל טובים,M,,
way,101362265,עמנואל טובים,M,,
way,102962319,עמנואל עמירן פוגצ'וב,M,,
way,137897498,עמק איילון,-,,
way,137897982,עמק איילון,-,,
way,156587612,עמק איילון,-,,
way,37757525,עמק ברכה,-,,
way,37757526,עמק ברכה,-,,
way,156720025,עמק ברכה,-,,
way,156720031,עמק ברכה,-,,
way,156720038,עמק ברכה,-,,
way,400768895,עמק ברכה,-,,
way,1153203893,עמק ברכה,-,,
way,1203427518,עמק ברכה,-,,
way,1203427519,עמק ברכה,-,,
way,30699002,עמרם גאון,M,,
way,35417883,עקיבא ברון,M,,
way,97378694,עשר טחנות,-,,
way,266451092,פאול צלאן,M,,
way,157457569,פאת השולחן,-,,
way,362310163,פועה,F,,
way,362310164,פועה,F,,
way,362310165,פועה,F,,
way,723186751,פועה,F,,
way,182816101,פופר לינקאוס יוסף,M,,
way,478263630,פופר לינקאוס יוסף,M,,
way,35666691,פילדלפיה,-,,
way,26053118,פישמן מיימון,M,,
way,30089930,פישמן מיימון,M,,
way,623057276,פישמן מיימון,M,,
way,50753907,פלוגות,-,,
way,315821219,פלטיאל,M,,
way,45544982,פנחס בן יאיר,M,,
way,103959863,פנחס בן יאיר,M,,
way,109361152,פנחס ספיר,M,,
way,133421368,פנחס ספיר,M,,
way,178211357,פנחס ספיר,M,,
way,178211358,פנחס ספיר,M,,
way,213438108,פנחס ספיר,M,,
way,213438202,פנחס ספיר,M,,
way,225710123,פנחס ספיר,M,,
way,235193652,פנחס ספיר,M,,
way,182816687,פנץ נתן,M,,
way,44673251,פעמונית,-,,
way,30879305,פראג,-,,
way,728020468,פרופ' פנינה זלצמן,F,,
way,728020469,פרופ' פנינה זלצמן,F,,
way,1111028983,פרופ' פנינה זלצמן,F,,
way,1175913391,פרופ' פנינה זלצמן,F,,
way,1216081163,פרופ' פנינה זלצמן,F,,
way,1216081164,פרופ' פנינה זלצמן,F,,
way,1216081165,פרופ' פנינה זלצמן,F,,
way,1308836992,פרופ' פנינה זלצמן,F,,
way,1308836996,פרופ' פנינה זלצמן,F,,
way,404135464,פרי עץ חיים,-,,
way,100125841,פרידמן שרגא,M,,
way,420276408,פרידמן שרגא,M,,
way,588181495,פרנץ קפקא,M,,
way,30879317,פרנקפורט,-,,
way,26257346,פרץ חיות,M,,
way,33628723,צבי ברוק,M,,
way,256195917,צבי הרמן סגל,M,,
way,31539281,צבי הרמן שפירא,M,,
way,32002848,צבי הרמן שפירא,M,,
way,44377319,צבי נשרי,M,,
way,33624869,צבי סטרכילביץ,M,,
way,19055481,צבי פרופס,M,,
way,215840475,צבי פרופס,M,,
way,215840476,צבי פרופס,M,,
way,215840477,צבי פרופס,M,,
way,228716433,צבי פרופס,M,,
way,390556062,צבי פרופס,M,,
way,1162745137,צבי פרופס,M,,
way,1216081260,צבי פרופס,M,,
way,1216081262,צבי פרופס,M,,
way,1216081264,צבי פרופס,M,,
way,35667641,צבי פרידלנד,M,,
way,143981938,צבי פרייגרזון,M,,
way,158609734,צבי פרייגרזון,M,,
way,28941658,צבי צור (צ'רה),M,,
way,32526457,צבי צור (צ'רה),M,,
way,44376370,צביה לובטקין,M,,
way,203027996,צביה לובטקין,M,,
way,203027999,צביה לובטקין,M,,
way,510762745,צביה לובטקין,M,,
way,685807493,צביה לובטקין,M,,
way,33627949,צדוק הכהן,M,,
way,43141716,צהלון הרופא,M,,
way,37558099,צמחי היהודים,-,,
way,189812138,צנובר,-,,
way,35160116,צפת,-,,
way,167691726,קור פאול (קורנובסקי),M,,
way,1328669175,קור פאול (קורנובסקי),M,,
way,28941417,קורט טוכולסקי,M,,
way,75079978,קורצ'אק יאנוש,M,,
way,42729741,קיבוץ גלויות,-,,
way,42729747,קיבוץ גלויות,-,,
way,131744746,קיבוץ גלויות,-,,
way,131744747,קיבוץ גלויות,-,,
way,176116051,קיבוץ גלויות,-,,
way,182815945,קיבוץ גלויות,-,,
way,184546798,קיבוץ גלויות,-,,
way,184552896,קיבוץ גלויות,-,,
way,184553108,קיבוץ גלויות,-,,
way,184553110,קיבוץ גלויות,-,,
way,184553391,קיבוץ גלויות,-,,
way,184820046,קיבוץ גלויות,-,,
way,184820047,קיבוץ גלויות,-,,
way,184820048,קיבוץ גלויות,-,,
way,184820050,קיבוץ גלויות,-,,
way,184820052,קיבוץ גלויות,-,,
way,184820071,קיבוץ גלויות,-,,
way,239191856,קיבוץ גלויות,-,,
way,258881288,קיבוץ גלויות,-,,
way,404164362,קיבוץ גלויות,-,,
way,404164364,קיבוץ גלויות,-,,
way,404164367,קיבוץ גלויות,-,,
way,404164368,קיבוץ גלויות,-,,
way,404164369,קיבוץ גלויות,-,,
way,753678962,קיבוץ גלויות,-,,
way,884311009,קיבוץ גלויות,-,,
way,912453292,קיבוץ גלויות,-,,
way,912453293,קיבוץ גלויות,-,,
way,912453294,קיבוץ גלויות,-,,
way,941372076,קיבוץ גלויות,-,,
way,941372077,קיבוץ גלויות,-,,
way,991717165,קיבוץ גלויות,-,,
way,1058209606,קיבוץ גלויות,-,,
way,1058209607,קיבוץ גלויות,-,,
way,1058209608,קיבוץ גלויות,-,,
way,1058209610,קיבוץ גלויות,-,,
way,1133478417,קיבוץ גלויות,-,,
way,1191229654,קיבוץ גלויות,-,,
way,1191229656,קיבוץ גלויות,-,,
way,1191229657,קיבוץ גלויות,-,,
way,1191229659,קיבוץ גלויות,-,,
way,1191229660,קיבוץ גלויות,-,,
way,1191229661,קיבוץ גלויות,-,,
way,1232994877,קיבוץ גלויות,-,,
way,1232994878,קיבוץ גלויות,-,,
way,1284638372,קיבוץ גלויות,-,,
way,1284648184,קיבוץ גלויות,-,,
way,1284648187,קיבוץ גלויות,-,,
way,1284663039,קיבוץ גלויות,-,,
way,1284663043,קיבוץ גלויות,-,,
way,1448398897,קיבוץ גלויות,-,,
way,1448398898,קיבוץ גלויות,-,,
way,182816260,קיוסו אלברט,M,,
way,691961011,קיוסו אלברט,M,,
way,720335282,קיי דני (קמינסקי),M,,
way,122098357,קלמר משה,M,,
way,156587626,קלמר משה,M,,
way,60197048,קצנלסון יצחק,M,,
way,60197054,קצנלסון יצחק,M,,
way,35679754,קריית שאול,M,,
way,35679755,קריית שאול,M,,
way,35954881,קריית שאול,M,,
way,35954922,קריית שאול,M,,
way,51828978,קריית שאול,M,,
way,101220152,קריית שאול,M,,
way,206427027,קריית שאול,M,,
way,208886450,קריית שאול,M,,
way,208886454,קריית שאול,M,,
way,272033511,קריית שאול,M,,
way,272033518,קריית שאול,M,,
way,272033562,קריית שאול,M,,
way,411234724,קריית שאול,M,,
way,537446420,קריית שאול,M,,
way,33626688,קרל נטר,M,,
way,155506384,קרליבך,M,,
way,155731374,קרליבך,M,,
way,204204933,קרליבך,M,,
way,367332905,קרליבך,M,,
way,639719293,קרליבך,M,,
way,930391878,קרליבך,M,,
way,930652190,קרליבך,M,,
way,1037171936,קרליבך,M,,
way,1126805741,קרליבך,M,,
way,1432511250,קרליבך,M,,
way,1461829990,קרליבך,M,,
way,101364703,קרפל ליפא,M,,
way,39923357,ראובן רובין,M,,
way,31650622,ראול ולנברג,M,,
way,31650637,ראול ולנברג,M,,
way,35664986,ראול ולנברג,M,,
way,35665050,ראול ולנברג,M,,
way,157000795,ראול ולנברג,M,,
way,226118260,ראול ולנברג,M,,
way,226118277,ראול ולנברג,M,,
way,267398588,ראול ולנברג,M,,
way,387815955,ראול ולנברג,M,,
way,412043914,ראול ולנברג,M,,
way,412043923,ראול ולנברג,M,,
way,416558951,ראול ולנברג,M,,
way,422279954,ראול ולנברג,M,,
way,422279955,ראול ולנברג,M,,
way,422279956,ראול ולנברג,M,,
way,422279957,ראול ולנברג,M,,
way,628650641,ראול ולנברג,M,,
way,657412539,ראול ולנברג,M,,
way,657412546,ראול ולנברג,M,,
way,657412547,ראול ולנברג,M,,
way,657412548,ראול ולנברג,M,,
way,657412549,ראול ולנברג,M,,
way,657412552,ראול ולנברג,M,,
way,693614282,ראול ולנברג,M,,
way,912639833,ראול ולנברג,M,,
way,912639835,ראול ולנברג,M,,
way,912644163,ראול ולנברג,M,,
way,912644166,ראול ולנברג,M,,
way,912644180,ראול ולנברג,M,,
way,912644182,ראול ולנברג,M,,
way,912644183,ראול ולנברג,M,,
way,912646948,ראול ולנברג,M,,
way,912646949,ראול ולנברג,M,,
way,912646951,ראול ולנברג,M,,
way,981290900,ראול ולנברג,M,,
way,1134738132,ראול ולנברג,M,,
way,1134836522,ראול ולנברג,M,,
way,1134836523,ראול ולנברג,M,,
way,1134836524,ראול ולנברג,M,,
way,1134836530,ראול ולנברג,M,,
way,1134836539,ראול ולנברג,M,,
way,1134836540,ראול ולנברג,M,,
way,1134836544,ראול ולנברג,M,,
way,84736736,ראש פינה,-,,
way,228709241,ראש פינה,-,,
way,1134284447,ראש פינה,-,,
way,1134284448,ראש פינה,-,,
way,1134284449,ראש פינה,-,,
way,1134286394,ראש פינה,-,,
way,1134286395,ראש פינה,-,,
way,1134591062,ראש פינה,-,,
way,143896039,ראשון לציון,-,,
way,655012947,ראשון לציון,-,,
way,35170418,ראשונים,-,,
way,143905181,ראשית חכמה,-,,
way,143905202,ראשית חכמה,-,,
way,321303499,רב אלוף דוד אלעזר,M,,
way,351676885,רב אלוף דוד אלעזר,M,,
way,353055405,רב אלוף דוד אלעזר,M,,
way,353055406,רב אלוף דוד אלעזר,M,,
way,364958533,רב אלוף דוד אלעזר,M,,
way,84089786,רבי אדא,M,,
way,478411960,רבי אדא,M,,
way,1013038874,רבי אדא,M,,
way,84089812,רבי אחא,M,,
way,659613571,רבי אחא,M,,
way,45545060,רבי חנינא,M,,
way,84089782,רבי חנינא,M,,
way,395694252,רבי יהודה חסיד,M,,
way,1307840512,רבי יהודה חסיד,M,,
way,84089790,רבי יוחנן,M,,
way,37557853,רבי מאיר,M,,
way,37557854,רבי מאיר,M,,
way,37557857,רבי מאיר,M,,
way,691406439,רבי מאיר,M,,
way,143286533,רבי מאיר בעל הנס,M,,
way,30765230,רבי משה בן עזרא,M,,
way,30765234,רבי משה בן עזרא,M,,
way,84089793,רבי נחמן,M,,
way,37557851,רבי עקיבא,M,,
way,182735292,רבי עקיבא,M,,
way,84089798,רבי פנחס,M,,
way,374008481,רבי פנחס,M,,
way,692068488,רבי פנחס,M,,
way,84089811,רבי תנחום,M,,
way,86253333,רבינא,F,,
way,86253358,רבינא,F,,
way,86253365,רבינא,F,,
way,97224925,רבינא,F,,
way,97224926,רבינא,F,,
way,1264413845,רבינא,F,,
way,37557852,רבן גמליאל,M,,
way,43076114,רבן גמליאל,M,,
way,182735295,רבן גמליאל,M,,
way,478249666,רבנו חננאל,M,,
way,43140542,רבנו ירוחם,M,,
way,182815816,רבנו ירוחם,M,,
way,217341898,רבנו ירוחם,M,,
way,217341899,רבנו ירוחם,M,,
way,746940553,רבנו ירוחם,M,,
way,1363691670,רבנו ירוחם,M,,
way,30348233,רבנו תם,M,,
way,35556181,רבקה גובר,F,,
way,84088915,רבקה ושמעון אבולעפיה,F,,
way,539394160,רבקה ושמעון אבולעפיה,F,,
way,539394162,רבקה ושמעון אבולעפיה,F,,
way,26231570,רבקה זיו,F,,
way,30146286,רבקה זיו,F,,
way,1160247655,רבקה זיו,F,,
way,1160247663,רבקה זיו,F,,
way,73487803,רוחמה,F,,
way,220368130,רוחמה,F,,
way,627954852,רוחמה,F,,
way,98520944,רופא המחתרות,M,,
way,35169602,רות,F,,
way,101272653,רות רובין-פלד,F,,
way,30779843,רחבעם זאבי,M,,
way,1182542240,רחבעם זאבי,M,,
way,1182542241,רחבעם זאבי,M,,
relation,15965538,רחבת אריה אלחנני,M,,
way,1089411361,רחבת בית המכס,-,,
way,1037171933,רחבת הסינימטק,-,,
way,363404547,רחבת הסינמטק,-,,
way,1231914562,רחבת יוסף תמיר,M,,
way,30779571,רחל,F,,
way,43140333,רינהרט מקס,M,,
way,1427518296,רינהרט מקס,M,,
way,5013380,"רמב""ם",M,,
way,469428062,"רמב""ם",M,,
way,469428063,"רמב""ם",M,,
way,26053493,רמברנדט,M,,
way,1161779975,רמברנדט,M,,
way,101365342,רמות נפתלי,M,,
way,143609339,רפאל פוזיילוב,M,,
way,33627462,"רש""י",M,,
way,406514933,"רש""י",M,,
way,1134725811,"רש""י",M,,
way,1134725815,"רש""י",M,,
way,30742235,"ש""ץ",M,,
way,30694790,ש''י עגנון,M,,
way,164182020,ש''י עגנון,M,,
way,221255993,ש''י עגנון,M,,
way,221255994,ש''י עגנון,M,,
way,221255995,ש''י עגנון,M,,
way,221255996,ש''י עגנון,M,,
way,221931565,ש''י עגנון,M,,
way,387815961,ש''י עגנון,M,,
way,389845482,ש''י עגנון,M,,
way,510760763,ש''י עגנון,M,,
way,97730619,שאול אביגור,M,,
way,32526204,שבזי,M,,
way,825126747,שביל אופנידן איילון,M,,
way,825126751,שביל אופנידן איילון,M,,
way,825126752,שביל אופנידן איילון,M,,
way,893897751,שביל אופנידן איילון,M,,
way,893897752,שביל אופנידן איילון,M,,
way,1058355306,שביל אופנידן איילון,M,,
way,1058355307,שביל אופנידן איילון,M,,
way,1120406726,שביל אופנידן איילון,M,,
way,1120406727,שביל אופנידן איילון,M,,
way,1133450303,שביל אופנידן איילון,M,,
way,1133450304,שביל אופנידן איילון,M,,
way,157321222,שביל בן זאב,M,,
way,157321221,שביל בן יעקב,M,,
way,631586896,שביל דרך הגבורה,-,,
way,143905186,שביל האור,-,,
way,1097641083,שביל האור,-,,
way,157457838,שביל החלב,-,,
way,143905190,שביל המרץ,-,,
way,370074334,שביל ז'בוטינסקי,M,,
way,79241164,שביל יונתן,M,,
way,227905985,שביל עכו,-,,
way,1012523168,שביל עכו,-,,
way,43139814,שבלים,-,,
way,119551449,שבעת השיקמים,-,,
way,26187164,שבתאי דון-יחא,M,,
way,1078887616,שגאל מרק,M,,
way,1078887617,שגאל מרק,M,,
way,367332898,"שד""ל",M,,
way,398748217,"שד""ל",M,,
way,203028033,שדמי נחום,M,,
way,203028034,שדמי נחום,M,,
way,203028035,שדמי נחום,M,,
relation,17453562,שדרות אלכסנדר ואנטוני מוקסל,M,,
relation,186263,שדרות בן גוריון,M,,
way,30146341,שדרות בן ציון,M,,
way,255761065,שדרות בן ציון,M,,
way,384536401,שדרות בן ציון,M,,
way,1119402683,שדרות בן ציון,M,,
way,1119402684,שדרות בן ציון,M,,
way,26053011,שדרות דוד המלך,M,,
way,1080975301,שדרות דוד המלך,M,,
way,1215824342,שדרות דוד המלך,M,,
way,28582615,שדרות ההשכלה,-,,
way,37757550,שדרות ההשכלה,-,,
way,41698695,שדרות ההשכלה,-,,
way,157321266,שדרות ההשכלה,-,,
way,43519174,שדרות הותיקים,-,,
way,143105245,שדרות הותיקים,-,,
way,5025274,שדרות הנביאים,-,,
way,204417218,שדרות הנביאים,-,,
way,204417220,שדרות הנביאים,-,,
way,239620116,שדרות הנביאים,-,,
way,741598216,שדרות הנביאים,-,,
way,30878895,שדרות הציונות,-,,
way,210275030,שדרות הציונות,-,,
way,1390233401,שדרות הציונות,-,,
way,5051304,שדרות הר ציון,-,,
way,30621332,שדרות הר ציון,-,,
way,195998891,שדרות הר ציון,-,,
way,212765579,שדרות הר ציון,-,,
way,1012523167,שדרות הר ציון,-,,
way,1017128685,שדרות הר ציון,-,,
way,1017128686,שדרות הר ציון,-,,
way,1017128687,שדרות הר ציון,-,,
way,1017128688,שדרות הר ציון,-,,
way,1017128689,שדרות הר ציון,-,,
way,1017128690,שדרות הר ציון,-,,
way,1017128691,שדרות הר ציון,-,,
way,1055613567,שדרות הר ציון,-,,
way,1066112490,שדרות הר ציון,-,,
way,1134076407,שדרות הר ציון,-,,
way,1134076408,שדרות הר ציון,-,,
way,1273444405,שדרות הר ציון,-,,
way,1433849219,שדרות הר ציון,-,,
way,1458293295,שדרות הר ציון,-,,
way,1458293298,שדרות הר ציון,-,,
way,1458293300,שדרות הר ציון,-,,
way,35667130,שדרות השושנים,-,,
way,35667139,שדרות השושנים,-,,
way,154741780,שדרות וושינגטון,M,,
way,154741792,שדרות וושינגטון,M,,
way,1133478421,שדרות וושינגטון,M,,
way,626482636,שדרות יהודית,F,,
way,626482637,שדרות יהודית,F,,
way,626482638,שדרות יהודית,F,,
way,626482640,שדרות יהודית,F,,
way,764584924,שדרות יהודית,F,,
way,764584925,שדרות יהודית,F,,
way,921010842,שדרות יהודית,F,,
way,28525695,שדרות ירושלים,-,,
way,159545709,שדרות ירושלים,-,,
way,159545710,שדרות ירושלים,-,,
way,183063186,שדרות ירושלים,-,,
way,183063187,שדרות ירושלים,-,,
way,184547081,שדרות ירושלים,-,,
way,211621337,שדרות ירושלים,-,,
way,211626826,שדרות ירושלים,-,,
way,211629588,שדרות ירושלים,-,,
way,211633927,שדרות ירושלים,-,,
way,211737421,שדרות ירושלים,-,,
way,679499202,שדרות ירושלים,-,,
way,679499205,שדרות ירושלים,-,,
way,679499208,שדרות ירושלים,-,,
way,679499209,שדרות ירושלים,-,,
way,688341205,שדרות ירושלים,-,,
way,692638625,שדרות ירושלים,-,,
way,742719144,שדרות ירושלים,-,,
way,742719146,שדרות ירושלים,-,,
way,1046589435,שדרות ירושלים,-,,
way,1046589437,שדרות ירושלים,-,,
way,1046589438,שדרות ירושלים,-,,
way,1046589439,שדרות ירושלים,-,,
way,1046589440,שדרות ירושלים,-,,
way,1057893216,שדרות ירושלים,-,,
way,1124797592,שדרות ירושלים,-,,
way,1124797593,שדרות ירושלים,-,,
way,1124797595,שדרות ירושלים,-,,
way,1187640553,שדרות ירושלים,-,,
way,1187640554,שדרות ירושלים,-,,
way,1187640557,שדרות ירושלים,-,,
way,1187640558,שדרות ירושלים,-,,
way,1187640559,שדרות ירושלים,-,,
way,1187640560,שדרות ירושלים,-,,
way,1187640561,שדרות ירושלים,-,,
way,1187640565,שדרות ירושלים,-,,
way,1187640566,שדרות ירושלים,-,,
way,1187640568,שדרות ירושלים,-,,
way,1187640572,שדרות ירושלים,-,,
way,1187640577,שדרות ירושלים,-,,
way,1187640582,שדרות ירושלים,-,,
way,1187640585,שדרות ירושלים,-,,
way,1187640586,שדרות ירושלים,-,,
way,1187640587,שדרות ירושלים,-,,
way,1187640590,שדרות ירושלים,-,,
way,1187640593,שדרות ירושלים,-,,
way,1187640594,שדרות ירושלים,-,,
way,1187640600,שדרות ירושלים,-,,
way,1187640601,שדרות ירושלים,-,,
way,1189122149,שדרות ירושלים,-,,
way,1189208304,שדרות ירושלים,-,,
way,1189447928,שדרות ירושלים,-,,
way,1217865907,שדרות ירושלים,-,,
way,1305365602,שדרות ירושלים,-,,
way,42729746,שדרות ישראל גורי,M,,
way,184820054,שדרות ישראל גורי,M,,
way,912453289,שדרות ישראל גורי,M,,
way,912453290,שדרות ישראל גורי,M,,
way,912453291,שדרות ישראל גורי,M,,
way,912453295,שדרות ישראל גורי,M,,
way,991717163,שדרות ישראל גורי,M,,
way,26217942,שדרות לוי אשכול,M,,
way,28988130,שדרות לוי אשכול,M,,
way,28988261,שדרות לוי אשכול,M,,
way,31651257,שדרות לוי אשכול,M,,
way,31651311,שדרות לוי אשכול,M,,
way,32198560,שדרות לוי אשכול,M,,
way,151524905,שדרות לוי אשכול,M,,
way,221255983,שדרות לוי אשכול,M,,
way,221255985,שדרות לוי אשכול,M,,
way,221255986,שדרות לוי אשכול,M,,
way,221255987,שדרות לוי אשכול,M,,
way,221255988,שדרות לוי אשכול,M,,
way,221255989,שדרות לוי אשכול,M,,
way,221255990,שדרות לוי אשכול,M,,
way,221255991,שדרות לוי אשכול,M,,
way,749189728,שדרות לוי אשכול,M,,
way,1106715803,שדרות לוי אשכול,M,,
way,1106715805,שדרות לוי אשכול,M,,
way,1106715806,שדרות לוי אשכול,M,,
way,1216081261,שדרות לוי אשכול,M,,
way,1216081263,שדרות לוי אשכול,M,,
way,1433820563,שדרות לוי אשכול,M,,
way,30341588,שדרות מוצקין,M,,
way,30615737,שדרות עמנואל הרומי,M,,
way,733227503,שדרות עמנואל הרומי,M,,
way,1421675133,שדרות עמנואל הרומי,M,,
way,44376618,שדרות ששת הימים,-,,
way,44376720,שדרות ששת הימים,-,,
way,107870659,שדרות ששת הימים,-,,
way,240437118,שדרות ששת הימים,-,,
way,370091574,שדרות ששת הימים,-,,
way,370091576,שדרות ששת הימים,-,,
way,5086548,"שדרות תרס""ט",-,,
way,204395742,"שדרות תרס""ט",-,,
way,1113376783,"שדרות תרס""ט",-,,
way,1113376785,"שדרות תרס""ט",-,,
way,1119402682,"שדרות תרס""ט",-,,
way,1134725795,"שדרות תרס""ט",-,,
way,1134725797,"שדרות תרס""ט",-,,
way,35169572,שולמית,F,,
way,203334493,שוסטקוביץ' דמיטרי,M,,
way,229815725,שוקן זלמן,M,,
way,239183889,שוקן זלמן,M,,
way,1448398896,שוקן זלמן,M,,
way,1448398899,שוקן זלמן,M,,
way,44375522,שורשים,-,,
way,103899455,שושנה דואר,F,,
way,35102779,שושנה פרסיץ,F,,
way,97731350,שושנה פרסיץ,F,,
way,1173233020,שושנה פרסיץ,F,,
way,1226893496,שושנה פרסיץ,F,,
way,1226893497,שושנה פרסיץ,F,,
way,44375055,שיבולים,-,,
way,113624013,שיבולים,-,,
way,1308657315,שיבולים,-,,
way,143623360,שיבת ציון,-,,
way,143905179,שיבת ציון,-,,
way,1433849220,שיבת ציון,-,,
way,42067593,שייקה אופיר,M,,
way,1239370910,שייקה אופיר,M,,
way,96293853,שייקה דן,M,,
way,203027994,שייקה דן,M,,
way,32786583,שלום אש,-,,
way,30699178,שלום עליכם,M,,
way,239173018,שלום עליכם,M,,
way,1433608491,שלום עליכם,M,,
way,30780007,שלום רוזנפלד,M,,
way,342727509,שלום רוזנפלד,M,,
way,355307997,שלום רוזנפלד,M,,
way,1340648956,שלום רוזנפלד,M,,
way,1411942156,שלום רוזנפלד,M,,
way,30828065,שלומציון המלכה,F,,
way,142915447,שלושת החיצים,-,,
way,53095354,שלמה בובר,M,,
way,35416909,שלמה בן יוסף,M,,
way,35417889,שלמה בן יוסף,M,,
way,309423214,שלמה בן יוסף,M,,
way,309423219,שלמה בן יוסף,M,,
way,26149885,שלמה המלך,M,,
way,1113376761,שלמה המלך,M,,
way,1382207654,שלמה המלך,M,,
way,412563557,שלמה ליענר,M,,
way,87026543,שלמה קפלן,M,,
way,157321273,שלמה רובין,M,,
way,143105250,שלמה שילר,M,,
way,143105280,שלמה שילר,M,,
way,133955968,שמואל בן עדיה,M,,
way,42029653,שמואל ברקאי,M,,
way,42067585,שמואל ברקאי,M,,
way,42211267,שמואל ברקאי,M,,
way,30765276,שמואל הנגיד,M,,
way,456049976,שמואל הנגיד,M,,
way,43141639,שמואל ירחינאי,M,,
way,405363073,שמואל ירחינאי,M,,
way,43518789,שמואל כהן יוחננוף,M,,
way,35555207,שמואל רומנילי,M,,
way,31651792,שמואל שניצר,M,,
way,31651264,שמואל תמיר,M,,
way,31651267,שמואל תמיר,M,,
way,31651668,שמואל תמיר,M,,
way,151524902,שמואל תמיר,M,,
way,1177948666,שמואל תמיר,M,,
way,1177948667,שמואל תמיר,M,,
way,101272650,שמוליק סגל,M,,
way,44503247,שמיר,M,,
way,751867989,שמיר,M,,
way,103962272,שמעון בן שטח,M,,
way,412563559,שמעון בן שטח,M,,
way,631040133,שמעון בן שטח,M,,
way,657059443,שמעון בן שטח,M,,
way,53146613,שמעון ברנפלד,M,,
way,1185540061,שמעון הבורסקאי,M,,
way,1185540068,שמעון הבורסקאי,M,,
way,45544958,שמעון הצדיק,M,,
way,45544959,שמעון הצדיק,M,,
way,45545352,שמעון הצדיק,M,,
way,685078688,שמעון הצדיק,M,,
way,692068489,שמעון הצדיק,M,,
way,8055792,שמעון התרסי,M,,
way,1216081173,שמעון סאמט,M,,
way,1216081177,שמעון סאמט,M,,
way,1216081183,שמעון סאמט,M,,
way,1216081184,שמעון סאמט,M,,
way,1216081185,שמעון סאמט,M,,
way,1216081186,שמעון סאמט,M,,
way,1216081187,שמעון סאמט,M,,
way,1216081188,שמעון סאמט,M,,
way,1216081198,שמעון סאמט,M,,
way,1233768071,שמעון סאמט,M,,
way,1282607270,שמעון סאמט,M,,
way,35667678,שמעון פינקל,M,,
way,368807968,שמעון צדיק,M,,
way,45373443,שמעון רוקח,M,,
way,353549978,שמעון רוקח,M,,
way,31539330,שמריהו לוין,M,,
way,35169451,שמשון,M,,
way,35169485,שמשון,M,,
way,183250776,שער הגיא,-,,
way,26422866,שער ציון,-,,
way,39228894,שער ציון,-,,
way,1121253856,שער ציון,-,,
way,143905175,שערי תשובה,-,,
way,411847447,שערי תשובה,-,,
way,30742308,שפינוזה,M,,
way,353078413,שפע טל,-,,
way,159745346,שפתי ישנים,-,,
way,184618548,שפתי ישנים,-,,
way,43141302,שקד,-,,
way,43517841,שריד,-,,
way,43140683,שרירא גאון,F,,
way,746940554,שרירא גאון,F,,
way,1088901402,שרירא גאון,F,,
way,31130274,שתולים,-,,
way,1136470473,שתולים,-,,
way,1136470474,שתולים,-,,
way,119509176,שתי האחיות,F,,
way,35555108,תבואות הארץ,-,,
way,182816252,תג'ר ציונה,F,,
way,199986061,תג'ר ציונה,F,,
way,720335283,תג'ר ציונה,F,,
way,720335284,תג'ר ציונה,F,,
way,720335285,תג'ר ציונה,F,,
way,720335286,תג'ר ציונה,F,,
way,156716941,תוצרת הארץ,-,,
way,184657472,תוצרת הארץ,-,,
way,963722488,תוצרת הארץ,-,,
way,963722489,תוצרת הארץ,-,,
way,963722490,תוצרת הארץ,-,,
way,154656615,תושיה,-,,
way,154656616,תושיה,-,,
way,154656617,תושיה,-,,
way,154656618,תושיה,-,,
way,189812130,תות,-,,
way,35556190,תירוש,-,,
way,31130163,תמוז,-,,
way,545275514,תמנע,-,,
way,1089729071,תמנע,-,,
way,1089729072,תמנע,-,,
way,199999836,תפוח,-,,
way,657059457,תפוח,-,,
way,26150022,"תש""ח",-,,
way,619944110,"תש""ח",-,,
way,184820060,תשרי,-,,
way,1308657317,תשרי,-,,
way,619944111,תש״ח,-,,
